LRK nummer,jaar,kleur vestiging,actuele_naam_oko,aantal_kindplaatsen,vve,inschrijfdatum,opvanglocatie_adres,opvanglocatie_postcode,opvanglocatie_woonplaats,longitude,latitude,naam_houder,kvk_nummer_houder,rechtsvorm_houder,houder_adres,houder_postcode,houder_woonplaats,correspondentie_adres,correspondentie_postcode,correspondentie_woonplaats,contact_persoon,contact_telefoon,contact_emailadres,contact_website,houder.href,houder.text,houdervanaf,url
191323445,2015,geel,Baboe,48,Nee,01/01/2010,Ternatestraat 16 ,2022BV,HAARLEM,4.6470231,52.3981697,Stichting Kinderopvang Haarlem,41225313,Stichting,Cornelis van Noordestraat 15 ,2033EC,HAARLEM,Ternatestraat 16 ,2022BV,HAARLEM,Mevr. P.E.M. Massop,023-5277577',baboe@kinderopvanghaarlem.nl,http://www.kinderopvanghaarlem.nl,http://www.landelijkregisterkinderopvang.nl/pp/inzien/houder/NHRVestiging/GegevensHouder.jsf?selectedResultId=3394&currentPage=0,Stichting Kinderopvang Haarlem,01/01/2005,http://www.landelijkregisterkinderopvang.nl/pp/inzien/Oko/Kdv/GegevensOKO.jsf?selectedResultId=23616
191323445,2013,oranje,Baboe,48,Nee,01/01/2010,Ternatestraat 16 ,2022BV,HAARLEM,4.6470231,52.3981697,Stichting Kinderopvang Haarlem,41225313,Stichting,Cornelis van Noordestraat 15 ,2033EC,HAARLEM,Ternatestraat 16 ,2022BV,HAARLEM,Mevr. P.E.M. Massop,023-5277577',baboe@kinderopvanghaarlem.nl,http://www.kinderopvanghaarlem.nl,http://www.landelijkregisterkinderopvang.nl/pp/inzien/houder/NHRVestiging/GegevensHouder.jsf?selectedResultId=3394&currentPage=0,Stichting Kinderopvang Haarlem,01/01/2005,http://www.landelijkregisterkinderopvang.nl/pp/inzien/Oko/Kdv/GegevensOKO.jsf?selectedResultId=23616
191323445,2014,oranje,Baboe,48,Nee,01/01/2010,Ternatestraat 16 ,2022BV,HAARLEM,4.6470231,52.3981697,Stichting Kinderopvang Haarlem,41225313,Stichting,Cornelis van Noordestraat 15 ,2033EC,HAARLEM,Ternatestraat 16 ,2022BV,HAARLEM,Mevr. P.E.M. Massop,023-5277577',baboe@kinderopvanghaarlem.nl,http://www.kinderopvanghaarlem.nl,http://www.landelijkregisterkinderopvang.nl/pp/inzien/houder/NHRVestiging/GegevensHouder.jsf?selectedResultId=3394&currentPage=0,Stichting Kinderopvang Haarlem,01/01/2005,http://www.landelijkregisterkinderopvang.nl/pp/inzien/Oko/Kdv/GegevensOKO.jsf?selectedResultId=23616
135005802,2013,geel,BamBam & Pebbles,28,Nee,01/01/2010,Venkelstraat 30b ,2034MS,HAARLEM,4.6443269,52.3676769,Bambam & Pebbles,34095547,VOF,Venkelstraat 30b ,2034MS,HAARLEM,Venkelstraat 30b ,2034MS,HAARLEM,,023-5400598',bam-peb@planet.nl,,http://www.landelijkregisterkinderopvang.nl/pp/inzien/houder/NHRVestiging/GegevensHouder.jsf?selectedResultId=3429&currentPage=0,Bambam & Pebbles,05/03/2007,http://www.landelijkregisterkinderopvang.nl/pp/inzien/Oko/Kdv/GegevensOKO.jsf?selectedResultId=23568
135005802,2014,geel,BamBam & Pebbles,28,Nee,01/01/2010,Venkelstraat 30b ,2034MS,HAARLEM,4.6443269,52.3676769,Bambam & Pebbles,34095547,VOF,Venkelstraat 30b ,2034MS,HAARLEM,Venkelstraat 30b ,2034MS,HAARLEM,,023-5400598',bam-peb@planet.nl,,http://www.landelijkregisterkinderopvang.nl/pp/inzien/houder/NHRVestiging/GegevensHouder.jsf?selectedResultId=3429&currentPage=0,Bambam & Pebbles,05/03/2007,http://www.landelijkregisterkinderopvang.nl/pp/inzien/Oko/Kdv/GegevensOKO.jsf?selectedResultId=23568
135005802,2015,geel,BamBam & Pebbles,28,Nee,01/01/2010,Venkelstraat 30b ,2034MS,HAARLEM,4.6443269,52.3676769,Bambam & Pebbles,34095547,VOF,Venkelstraat 30b ,2034MS,HAARLEM,Venkelstraat 30b ,2034MS,HAARLEM,,023-5400598',bam-peb@planet.nl,,http://www.landelijkregisterkinderopvang.nl/pp/inzien/houder/NHRVestiging/GegevensHouder.jsf?selectedResultId=3429&currentPage=0,Bambam & Pebbles,05/03/2007,http://www.landelijkregisterkinderopvang.nl/pp/inzien/Oko/Kdv/GegevensOKO.jsf?selectedResultId=23568
232257553,2014,groen,Beer Bodoni,60,Nee,01/01/2010,A. Hofmanweg 14 ,2031BL,HAARLEM,4.666685,52.3944455,Stichting Kinderopvang Haarlem,41225313,Stichting,Cornelis van Noordestraat 15 ,2033EC,HAARLEM,A. Hofmanweg 14 ,2031BL,HAARLEM,Mevr. P.E.M. Massop,023-5321178',lhb@kinderopvanghaarlem.nl,http://www.kinderopvanghaarlem.nl,http://www.landelijkregisterkinderopvang.nl/pp/inzien/houder/NHRVestiging/GegevensHouder.jsf?selectedResultId=3394&currentPage=0,Stichting Kinderopvang Haarlem,01/01/2005,http://www.landelijkregisterkinderopvang.nl/pp/inzien/Oko/Kdv/GegevensOKO.jsf?selectedResultId=23619
232257553,2015,groen,Beer Bodoni,60,Nee,01/01/2010,A. Hofmanweg 14 ,2031BL,HAARLEM,4.666685,52.3944455,Stichting Kinderopvang Haarlem,41225313,Stichting,Cornelis van Noordestraat 15 ,2033EC,HAARLEM,A. Hofmanweg 14 ,2031BL,HAARLEM,Mevr. P.E.M. Massop,023-5321178',lhb@kinderopvanghaarlem.nl,http://www.kinderopvanghaarlem.nl,http://www.landelijkregisterkinderopvang.nl/pp/inzien/houder/NHRVestiging/GegevensHouder.jsf?selectedResultId=3394&currentPage=0,Stichting Kinderopvang Haarlem,01/01/2005,http://www.landelijkregisterkinderopvang.nl/pp/inzien/Oko/Kdv/GegevensOKO.jsf?selectedResultId=23619
332539696,2013,geel,Boeventuin,35,Nee,01/01/2010,Geusevesperstraat 5 ,2026SH,HAARLEM,4.6509421,52.420708,Stichting kinderopvang Spaarne,34298621,Stichting,Gedempte Oude Gracht 67 ,2011GM,HAARLEM,Geusevesperstraat 5 ,2026SH,HAARLEM,A. Zoomers,023-5379290',kwaliteit@skos.nl,http://www.skos.nl,http://www.landelijkregisterkinderopvang.nl/pp/inzien/houder/NHRVestiging/GegevensHouder.jsf?selectedResultId=3145&currentPage=0,Stichting kinderopvang Spaarne,01/01/2005,http://www.landelijkregisterkinderopvang.nl/pp/inzien/Oko/Kdv/GegevensOKO.jsf?selectedResultId=23529
332539696,2014,geel,Boeventuin,35,Nee,01/01/2010,Geusevesperstraat 5 ,2026SH,HAARLEM,4.6509421,52.420708,Stichting kinderopvang Spaarne,34298621,Stichting,Gedempte Oude Gracht 67 ,2011GM,HAARLEM,Geusevesperstraat 5 ,2026SH,HAARLEM,A. Zoomers,023-5379290',kwaliteit@skos.nl,http://www.skos.nl,http://www.landelijkregisterkinderopvang.nl/pp/inzien/houder/NHRVestiging/GegevensHouder.jsf?selectedResultId=3145&currentPage=0,Stichting kinderopvang Spaarne,01/01/2005,http://www.landelijkregisterkinderopvang.nl/pp/inzien/Oko/Kdv/GegevensOKO.jsf?selectedResultId=23529
332539696,2015,geel,Boeventuin,35,Nee,01/01/2010,Geusevesperstraat 5 ,2026SH,HAARLEM,4.6509421,52.420708,Stichting kinderopvang Spaarne,34298621,Stichting,Gedempte Oude Gracht 67 ,2011GM,HAARLEM,Geusevesperstraat 5 ,2026SH,HAARLEM,A. Zoomers,023-5379290',kwaliteit@skos.nl,http://www.skos.nl,http://www.landelijkregisterkinderopvang.nl/pp/inzien/houder/NHRVestiging/GegevensHouder.jsf?selectedResultId=3145&currentPage=0,Stichting kinderopvang Spaarne,01/01/2005,http://www.landelijkregisterkinderopvang.nl/pp/inzien/Oko/Kdv/GegevensOKO.jsf?selectedResultId=23529
903428398,2014,groen,Boris Buitelaar,35,Nee,01/01/2010,Venkelstraat 99 ,2034MT,HAARLEM,4.645265,52.3671878,Stichting kinderopvang Spaarne,34298621,Stichting,Gedempte Oude Gracht 67 ,2011GM,HAARLEM,Venkelstraat 99 ,2034MT,HAARLEM,A. Zoomers,023-5379290',kwaliteit@skos.nl,http://www.skos.nl,http://www.landelijkregisterkinderopvang.nl/pp/inzien/houder/NHRVestiging/GegevensHouder.jsf?selectedResultId=3145&currentPage=0,Stichting kinderopvang Spaarne,01/01/2005,http://www.landelijkregisterkinderopvang.nl/pp/inzien/Oko/Kdv/GegevensOKO.jsf?selectedResultId=23518
903428398,2015,groen,Boris Buitelaar,35,Nee,01/01/2010,Venkelstraat 99 ,2034MT,HAARLEM,4.645265,52.3671878,Stichting kinderopvang Spaarne,34298621,Stichting,Gedempte Oude Gracht 67 ,2011GM,HAARLEM,Venkelstraat 99 ,2034MT,HAARLEM,A. Zoomers,023-5379290',kwaliteit@skos.nl,http://www.skos.nl,http://www.landelijkregisterkinderopvang.nl/pp/inzien/houder/NHRVestiging/GegevensHouder.jsf?selectedResultId=3145&currentPage=0,Stichting kinderopvang Spaarne,01/01/2005,http://www.landelijkregisterkinderopvang.nl/pp/inzien/Oko/Kdv/GegevensOKO.jsf?selectedResultId=23518
235054355,2015,geel,Calimero's Nest,12,Nee,09/21/2012,Engelenburg 2 4,2036RR,HAARLEM,4.6521538,52.3523371,Rahmuni,57571465,Eenmanszaak,,,,Engelenburg 2 4,2036RR,HAARLEM,N.el.H. Rahmuni,0623537768',info@calimerosnest.nl,http://www.calimerosnest.nl,,Mevrouw Nour el Houda Rahmuni,04/15/2013,http://www.landelijkregisterkinderopvang.nl/pp/inzien/Oko/Kdv/GegevensOKO.jsf?selectedResultId=94373
229333345,2013,geel,Club Bambino,34,Nee,01/01/2010,Monacopad 1 ,2034BS,HAARLEM,4.6462909,52.362907,Kinderdagverblijven Bambino B.V.,34102556,BV,Monacopad 1 ,2034BS,HAARLEM,Monacopad 1 ,2034BS,HAARLEM,,023-5401121',,,http://www.landelijkregisterkinderopvang.nl/pp/inzien/houder/NHRVestiging/GegevensHouder.jsf?selectedResultId=3264&currentPage=0,Kinderdagverblijven Bambino B.V.,08/15/2005,http://www.landelijkregisterkinderopvang.nl/pp/inzien/Oko/Kdv/GegevensOKO.jsf?selectedResultId=23607
229333345,2014,geel,Club Bambino,34,Nee,01/01/2010,Monacopad 1 ,2034BS,HAARLEM,4.6462909,52.362907,Kinderdagverblijven Bambino B.V.,34102556,BV,Monacopad 1 ,2034BS,HAARLEM,Monacopad 1 ,2034BS,HAARLEM,,023-5401121',,,http://www.landelijkregisterkinderopvang.nl/pp/inzien/houder/NHRVestiging/GegevensHouder.jsf?selectedResultId=3264&currentPage=0,Kinderdagverblijven Bambino B.V.,08/15/2005,http://www.landelijkregisterkinderopvang.nl/pp/inzien/Oko/Kdv/GegevensOKO.jsf?selectedResultId=23607
229333345,2015,geel,Club Bambino,34,Nee,01/01/2010,Monacopad 1 ,2034BS,HAARLEM,4.6462909,52.362907,Kinderdagverblijven Bambino B.V.,34102556,BV,Monacopad 1 ,2034BS,HAARLEM,Monacopad 1 ,2034BS,HAARLEM,,023-5401121',,,http://www.landelijkregisterkinderopvang.nl/pp/inzien/houder/NHRVestiging/GegevensHouder.jsf?selectedResultId=3264&currentPage=0,Kinderdagverblijven Bambino B.V.,08/15/2005,http://www.landelijkregisterkinderopvang.nl/pp/inzien/Oko/Kdv/GegevensOKO.jsf?selectedResultId=23607
112019717,2015,groen,De Benjamins,36,Nee,08/08/2014,Velserstraat 55 ,2023EB,HAARLEM,4.633085,52.3935468,Stichting kinderopvang Spaarne,34298621,Stichting,Gedempte Oude Gracht 67 ,2011GM,HAARLEM,Velserstraat 55 ,2023EB,HAARLEM,A. Zoomers,023-5379290',kwaliteit@skos.nl,http://www.skos.nl,http://www.landelijkregisterkinderopvang.nl/pp/inzien/houder/NHRVestiging/GegevensHouder.jsf?selectedResultId=3145&currentPage=0,Stichting kinderopvang Spaarne,06/16/2014,http://www.landelijkregisterkinderopvang.nl/pp/inzien/Oko/Kdv/GegevensOKO.jsf?selectedResultId=117240
134298111,2014,groen,De Bibelebontseberg,36,Nee,01/13/2012,Jan Gijzenkade 305 ,2025MC,HAARLEM,4.6466516,52.4128958,Stichting kinderopvang Spaarne,34298621,Stichting,Gedempte Oude Gracht 67 ,2011GM,HAARLEM,Gedempte Oude Gracht 67 ,2011GM,HAARLEM,A. Zoomers,023 5379290',kwaliteit@skos.nl,http://www.skos.nl,http://www.landelijkregisterkinderopvang.nl/pp/inzien/houder/NHRVestiging/GegevensHouder.jsf?selectedResultId=3145&currentPage=0,Stichting kinderopvang Spaarne,10/24/2011,http://www.landelijkregisterkinderopvang.nl/pp/inzien/Oko/Kdv/GegevensOKO.jsf?selectedResultId=84848
134298111,2015,groen,De Bibelebontseberg,36,Nee,01/13/2012,Jan Gijzenkade 305 ,2025MC,HAARLEM,4.6466516,52.4128958,Stichting kinderopvang Spaarne,34298621,Stichting,Gedempte Oude Gracht 67 ,2011GM,HAARLEM,Gedempte Oude Gracht 67 ,2011GM,HAARLEM,A. Zoomers,023 5379290',kwaliteit@skos.nl,http://www.skos.nl,http://www.landelijkregisterkinderopvang.nl/pp/inzien/houder/NHRVestiging/GegevensHouder.jsf?selectedResultId=3145&currentPage=0,Stichting kinderopvang Spaarne,10/24/2011,http://www.landelijkregisterkinderopvang.nl/pp/inzien/Oko/Kdv/GegevensOKO.jsf?selectedResultId=84848
134442982,2014,geel,KDV De Kring Op Stoom,16,Nee,09/30/2011,Parklaan 108 ,2011KZ,HAARLEM,4.64262972261571,52.3854525,Spaarnestad Op Stoom B.V.,34359125,BV,Rutherfordstraat 4 ,2014KA,HAARLEM,Rutherfordstraat 14 ,2014KA,HAARLEM,,023-5442737',secretariaat@opstoom.nl,http://www.opstoom.nl,http://www.landelijkregisterkinderopvang.nl/pp/inzien/houder/NHRVestiging/GegevensHouder.jsf?selectedResultId=3441&currentPage=0,Spaarnestad Op Stoom B.V.,08/04/2011,http://www.landelijkregisterkinderopvang.nl/pp/inzien/Oko/Kdv/GegevensOKO.jsf?selectedResultId=82257
134442982,2015,geel,KDV De Kring Op Stoom,16,Nee,09/30/2011,Parklaan 108 ,2011KZ,HAARLEM,4.64262972261571,52.3854525,Spaarnestad Op Stoom B.V.,34359125,BV,Rutherfordstraat 4 ,2014KA,HAARLEM,Rutherfordstraat 14 ,2014KA,HAARLEM,,023-5442737',secretariaat@opstoom.nl,http://www.opstoom.nl,http://www.landelijkregisterkinderopvang.nl/pp/inzien/houder/NHRVestiging/GegevensHouder.jsf?selectedResultId=3441&currentPage=0,Spaarnestad Op Stoom B.V.,08/04/2011,http://www.landelijkregisterkinderopvang.nl/pp/inzien/Oko/Kdv/GegevensOKO.jsf?selectedResultId=82257
630074793,2014,geel,De Rammelaar,13,Nee,01/01/2010,Soerabajastraat 19 ,2022RX,HAARLEM,4.6515554,52.4055626,Scholten,34117256,Eenmanszaak,,,,Soerabajastraat 19 ,2022RX,HAARLEM,,023-5380716',info@kdvderammelaar.nl,,,Mevrouw Miranda Scholten,01/01/2005,http://www.landelijkregisterkinderopvang.nl/pp/inzien/Oko/Kdv/GegevensOKO.jsf?selectedResultId=23654
630074793,2015,groen,De Rammelaar,13,Nee,01/01/2010,Soerabajastraat 19 ,2022RX,HAARLEM,4.6515554,52.4055626,Scholten,34117256,Eenmanszaak,,,,Soerabajastraat 19 ,2022RX,HAARLEM,,023-5380716',info@kdvderammelaar.nl,,,Mevrouw Miranda Scholten,01/01/2005,http://www.landelijkregisterkinderopvang.nl/pp/inzien/Oko/Kdv/GegevensOKO.jsf?selectedResultId=23654
630074793,2013,oranje,De Rammelaar,13,Nee,01/01/2010,Soerabajastraat 19 ,2022RX,HAARLEM,4.6515554,52.4055626,Scholten,34117256,Eenmanszaak,,,,Soerabajastraat 19 ,2022RX,HAARLEM,,023-5380716',info@kdvderammelaar.nl,,,Mevrouw Miranda Scholten,01/01/2005,http://www.landelijkregisterkinderopvang.nl/pp/inzien/Oko/Kdv/GegevensOKO.jsf?selectedResultId=23654
650493072,2014,groen,De Velden,48,Nee,08/02/2011,Zeedistelweg 4 ,2015KT,HAARLEM,4.607914,52.372062,Stichting Kinderopvang Haarlem,41225313,Stichting,Cornelis van Noordestraat 15 ,2033EC,HAARLEM,Cornelis van Noordestraat 15 ,2033EC,HAARLEM,M. Burgers,023-5123920',info@kinderopvanghaarlem.nl,http://www.kinderopvanghaarlem.nl,http://www.landelijkregisterkinderopvang.nl/pp/inzien/houder/NHRVestiging/GegevensHouder.jsf?selectedResultId=3394&currentPage=0,Stichting Kinderopvang Haarlem,03/01/2011,http://www.landelijkregisterkinderopvang.nl/pp/inzien/Oko/Kdv/GegevensOKO.jsf?selectedResultId=75728
650493072,2015,groen,De Velden,48,Nee,08/02/2011,Zeedistelweg 4 ,2015KT,HAARLEM,4.607914,52.372062,Stichting Kinderopvang Haarlem,41225313,Stichting,Cornelis van Noordestraat 15 ,2033EC,HAARLEM,Cornelis van Noordestraat 15 ,2033EC,HAARLEM,M. Burgers,023-5123920',info@kinderopvanghaarlem.nl,http://www.kinderopvanghaarlem.nl,http://www.landelijkregisterkinderopvang.nl/pp/inzien/houder/NHRVestiging/GegevensHouder.jsf?selectedResultId=3394&currentPage=0,Stichting Kinderopvang Haarlem,03/01/2011,http://www.landelijkregisterkinderopvang.nl/pp/inzien/Oko/Kdv/GegevensOKO.jsf?selectedResultId=75728
382304731,2013,groen,Dikke Maatjes,12,Nee,01/01/2010,Molukkenstraat 56 ,2022CD,HAARLEM,4.6501729,52.4000311,Kinderopvang Dikke Maatjes,34164984,BV,Molukkenstraat 56 ,2022CD,HAARLEM,Molukkenstraat 56 ,2022CD,HAARLEM,,023-5265333',info@dikke-maatjes.nl,,http://www.landelijkregisterkinderopvang.nl/pp/inzien/houder/NHRVestiging/GegevensHouder.jsf?selectedResultId=3427&currentPage=0,Kinderopvang Dikke Maatjes,01/01/2008,http://www.landelijkregisterkinderopvang.nl/pp/inzien/Oko/Kdv/GegevensOKO.jsf?selectedResultId=23609
382304731,2014,groen,Dikke Maatjes,12,Nee,01/01/2010,Molukkenstraat 56 ,2022CD,HAARLEM,4.6501729,52.4000311,Kinderopvang Dikke Maatjes,34164984,BV,Molukkenstraat 56 ,2022CD,HAARLEM,Molukkenstraat 56 ,2022CD,HAARLEM,,023-5265333',info@dikke-maatjes.nl,,http://www.landelijkregisterkinderopvang.nl/pp/inzien/houder/NHRVestiging/GegevensHouder.jsf?selectedResultId=3427&currentPage=0,Kinderopvang Dikke Maatjes,01/01/2008,http://www.landelijkregisterkinderopvang.nl/pp/inzien/Oko/Kdv/GegevensOKO.jsf?selectedResultId=23609
382304731,2015,groen,Dikke Maatjes,12,Nee,01/01/2010,Molukkenstraat 56 ,2022CD,HAARLEM,4.6501729,52.4000311,Kinderopvang Dikke Maatjes,34164984,BV,Molukkenstraat 56 ,2022CD,HAARLEM,Molukkenstraat 56 ,2022CD,HAARLEM,,023-5265333',info@dikke-maatjes.nl,,http://www.landelijkregisterkinderopvang.nl/pp/inzien/houder/NHRVestiging/GegevensHouder.jsf?selectedResultId=3427&currentPage=0,Kinderopvang Dikke Maatjes,01/01/2008,http://www.landelijkregisterkinderopvang.nl/pp/inzien/Oko/Kdv/GegevensOKO.jsf?selectedResultId=23609
408780228,2014,groen,Dikke Maatjes Kinderopvang Orionweg,60,Nee,01/01/2010,Orionweg 77 ,2024TB,HAARLEM,4.6372282,52.405856,Kinderopvang Dikke Maatjes,34164984,BV,Molukkenstraat 56 ,2022CD,HAARLEM,Orionweg 77 ,2024TB,HAARLEM,,023-5265333',info@dikke-maatjes.nl,,http://www.landelijkregisterkinderopvang.nl/pp/inzien/houder/NHRVestiging/GegevensHouder.jsf?selectedResultId=3427&currentPage=0,Kinderopvang Dikke Maatjes,02/01/2008,http://www.landelijkregisterkinderopvang.nl/pp/inzien/Oko/Kdv/GegevensOKO.jsf?selectedResultId=23626
408780228,2015,groen,Dikke Maatjes Kinderopvang Orionweg,60,Nee,01/01/2010,Orionweg 77 ,2024TB,HAARLEM,4.6372282,52.405856,Kinderopvang Dikke Maatjes,34164984,BV,Molukkenstraat 56 ,2022CD,HAARLEM,Orionweg 77 ,2024TB,HAARLEM,,023-5265333',info@dikke-maatjes.nl,,http://www.landelijkregisterkinderopvang.nl/pp/inzien/houder/NHRVestiging/GegevensHouder.jsf?selectedResultId=3427&currentPage=0,Kinderopvang Dikke Maatjes,02/01/2008,http://www.landelijkregisterkinderopvang.nl/pp/inzien/Oko/Kdv/GegevensOKO.jsf?selectedResultId=23626
392317047,2014,groen,Dikke Maatjes President Steijnstraat,24,Nee,05/01/2012,President Steijnstraat 95 ,2021VC,HAARLEM,4.644435,52.3932642,Kinderopvang Dikke Maatjes,34164984,BV,Molukkenstraat 56 ,2022CD,HAARLEM,Orionweg 77 ,2024TB,HAARLEM,Mw. S. Sopaheluwakan,023-5265333',info@dikkemaatjes.nl,http://www.dikkemaatjes.nl,http://www.landelijkregisterkinderopvang.nl/pp/inzien/houder/NHRVestiging/GegevensHouder.jsf?selectedResultId=3427&currentPage=0,Kinderopvang Dikke Maatjes,04/12/2012,http://www.landelijkregisterkinderopvang.nl/pp/inzien/Oko/Kdv/GegevensOKO.jsf?selectedResultId=89366
392317047,2015,groen,Dikke Maatjes President Steijnstraat,24,Nee,05/01/2012,President Steijnstraat 95 ,2021VC,HAARLEM,4.644435,52.3932642,Kinderopvang Dikke Maatjes,34164984,BV,Molukkenstraat 56 ,2022CD,HAARLEM,Orionweg 77 ,2024TB,HAARLEM,Mw. S. Sopaheluwakan,023-5265333',info@dikkemaatjes.nl,http://www.dikkemaatjes.nl,http://www.landelijkregisterkinderopvang.nl/pp/inzien/houder/NHRVestiging/GegevensHouder.jsf?selectedResultId=3427&currentPage=0,Kinderopvang Dikke Maatjes,04/12/2012,http://www.landelijkregisterkinderopvang.nl/pp/inzien/Oko/Kdv/GegevensOKO.jsf?selectedResultId=89366
165343102,2013,groen,EDEN,14,Nee,04/26/2011,Wagenweg 6 huis,2012ND,HAARLEM,4.6294649,52.3741343,Pappot-Mensink,34383326,Eenmanszaak,,,,Wagenweg 6 huis,2012ND,HAARLEM,C. Pappot-Mensink,023-5360010',info@edenkinderopvang.nl,http://www.edenkinderopvang.nl,,Mevrouw Caro Pappot-Mensink,03/14/2011,http://www.landelijkregisterkinderopvang.nl/pp/inzien/Oko/Kdv/GegevensOKO.jsf?selectedResultId=75930
165343102,2014,groen,EDEN,14,Nee,04/26/2011,Wagenweg 6 huis,2012ND,HAARLEM,4.6294649,52.3741343,Pappot-Mensink,34383326,Eenmanszaak,,,,Wagenweg 6 huis,2012ND,HAARLEM,C. Pappot-Mensink,023-5360010',info@edenkinderopvang.nl,http://www.edenkinderopvang.nl,,Mevrouw Caro Pappot-Mensink,03/14/2011,http://www.landelijkregisterkinderopvang.nl/pp/inzien/Oko/Kdv/GegevensOKO.jsf?selectedResultId=75930
165343102,2015,groen,EDEN,14,Nee,04/26/2011,Wagenweg 6 huis,2012ND,HAARLEM,4.6294649,52.3741343,Pappot-Mensink,34383326,Eenmanszaak,,,,Wagenweg 6 huis,2012ND,HAARLEM,C. Pappot-Mensink,023-5360010',info@edenkinderopvang.nl,http://www.edenkinderopvang.nl,,Mevrouw Caro Pappot-Mensink,03/14/2011,http://www.landelijkregisterkinderopvang.nl/pp/inzien/Oko/Kdv/GegevensOKO.jsf?selectedResultId=75930
803830099,2015,geel,Greiner,24,Nee,01/01/2010,Voorhelmstraat 25 ,2012ZM,HAARLEM,4.6369361,52.3738107,Brood & Spelen Kinderopvang B.V.,52990222,BV,Rode Kruislaan 1260 ,1111XB,Diemen,Willem Fenengastraat 4b ,1096BN,AMSTERDAM,I. Broijl,023-5407710',,,http://www.landelijkregisterkinderopvang.nl/pp/inzien/houder/NHRVestiging/GegevensHouder.jsf?selectedResultId=12955&currentPage=0,Brood & Spelen Kinderopvang B.V.,12/01/2013,http://www.landelijkregisterkinderopvang.nl/pp/inzien/Oko/Kdv/GegevensOKO.jsf?selectedResultId=23574
742997108,2014,groen,Hannie Schaft,45,Nee,01/01/2010,Cornelis van Noordestraat 15 ,2033EC,HAARLEM,4.6447309,52.3744922,Stichting Kinderopvang Haarlem,41225313,Stichting,Cornelis van Noordestraat 15 ,2033EC,HAARLEM,Cornelis van Noordestraat 15 ,2033EC,HAARLEM,Mevr. P.E.M. Massop,023-5334970',hsc@kinderopvanghaarlem.nl,http://www.kinderopvanghaarlem.nl,http://www.landelijkregisterkinderopvang.nl/pp/inzien/houder/NHRVestiging/GegevensHouder.jsf?selectedResultId=3394&currentPage=0,Stichting Kinderopvang Haarlem,01/01/2005,http://www.landelijkregisterkinderopvang.nl/pp/inzien/Oko/Kdv/GegevensOKO.jsf?selectedResultId=23661
742997108,2015,groen,Hannie Schaft,45,Nee,01/01/2010,Cornelis van Noordestraat 15 ,2033EC,HAARLEM,4.6447309,52.3744922,Stichting Kinderopvang Haarlem,41225313,Stichting,Cornelis van Noordestraat 15 ,2033EC,HAARLEM,Cornelis van Noordestraat 15 ,2033EC,HAARLEM,Mevr. P.E.M. Massop,023-5334970',hsc@kinderopvanghaarlem.nl,http://www.kinderopvanghaarlem.nl,http://www.landelijkregisterkinderopvang.nl/pp/inzien/houder/NHRVestiging/GegevensHouder.jsf?selectedResultId=3394&currentPage=0,Stichting Kinderopvang Haarlem,01/01/2005,http://www.landelijkregisterkinderopvang.nl/pp/inzien/Oko/Kdv/GegevensOKO.jsf?selectedResultId=23661
519747732,2013,groen,Hazeltje Kleverpark ,64,Ja,01/01/2010,Tetterodestraat 109 ,2023XM,HAARLEM,4.6261154,52.3922593,Kinderopvang Hazeltje Kleverpark B.V.,34235195,BV,Tetterodestraat 109 ,2023XM,HAARLEM,Tetterodestraat 109 ,2023XM,HAARLEM,,023-5279954',info@kinderopvanghazeltje.nl,http://www.kinderopvanghazeltje.nl,http://www.landelijkregisterkinderopvang.nl/pp/inzien/houder/NHRVestiging/GegevensHouder.jsf?selectedResultId=3423&currentPage=0,,12/07/2009,http://www.landelijkregisterkinderopvang.nl/pp/inzien/Oko/Kdv/GegevensOKO.jsf?selectedResultId=23649
519747732,2014,groen,Hazeltje Kleverpark ,64,Ja,01/01/2010,Tetterodestraat 109 ,2023XM,HAARLEM,4.6261154,52.3922593,Kinderopvang Hazeltje Kleverpark B.V.,34235195,BV,Tetterodestraat 109 ,2023XM,HAARLEM,Tetterodestraat 109 ,2023XM,HAARLEM,,023-5279954',info@kinderopvanghazeltje.nl,http://www.kinderopvanghazeltje.nl,http://www.landelijkregisterkinderopvang.nl/pp/inzien/houder/NHRVestiging/GegevensHouder.jsf?selectedResultId=3423&currentPage=0,,12/07/2009,http://www.landelijkregisterkinderopvang.nl/pp/inzien/Oko/Kdv/GegevensOKO.jsf?selectedResultId=23649
519747732,2015,groen,Hazeltje Kleverpark ,64,Ja,01/01/2010,Tetterodestraat 109 ,2023XM,HAARLEM,4.6261154,52.3922593,Kinderopvang Hazeltje Kleverpark B.V.,34235195,BV,Tetterodestraat 109 ,2023XM,HAARLEM,Tetterodestraat 109 ,2023XM,HAARLEM,,023-5279954',info@kinderopvanghazeltje.nl,http://www.kinderopvanghazeltje.nl,http://www.landelijkregisterkinderopvang.nl/pp/inzien/houder/NHRVestiging/GegevensHouder.jsf?selectedResultId=3423&currentPage=0,,12/07/2009,http://www.landelijkregisterkinderopvang.nl/pp/inzien/Oko/Kdv/GegevensOKO.jsf?selectedResultId=23649
158179250,2013,groen,Hazeltje op de Wadden,16,Ja,01/01/2010,Zevenwoudenplantsoen 3 ,2036NK,HAARLEM,4.6507626,52.3533107,Hazeltje In School B.V.,54709334,BV,Gasthuissingel 32 zw,2012DP,HAARLEM,Gasthuissingel 32 zw,2012DP,HAARLEM,N. Jansma H. Jansma,,info@kinderopvanghazeltje.nl,http://www.kindropvanghazeltje.nl,http://www.landelijkregisterkinderopvang.nl/pp/inzien/houder/NHRVestiging/GegevensHouder.jsf?selectedResultId=9904&currentPage=0,Hazeltje In School B.V.,06/07/2012,http://www.landelijkregisterkinderopvang.nl/pp/inzien/Oko/Kdv/GegevensOKO.jsf?selectedResultId=23501
158179250,2014,groen,Hazeltje op de Wadden,16,Ja,01/01/2010,Zevenwoudenplantsoen 3 ,2036NK,HAARLEM,4.6507626,52.3533107,Hazeltje In School B.V.,54709334,BV,Gasthuissingel 32 zw,2012DP,HAARLEM,Gasthuissingel 32 zw,2012DP,HAARLEM,N. Jansma H. Jansma,,info@kinderopvanghazeltje.nl,http://www.kindropvanghazeltje.nl,http://www.landelijkregisterkinderopvang.nl/pp/inzien/houder/NHRVestiging/GegevensHouder.jsf?selectedResultId=9904&currentPage=0,Hazeltje In School B.V.,06/07/2012,http://www.landelijkregisterkinderopvang.nl/pp/inzien/Oko/Kdv/GegevensOKO.jsf?selectedResultId=23501
158179250,2015,groen,Hazeltje op de Wadden,16,Ja,01/01/2010,Zevenwoudenplantsoen 3 ,2036NK,HAARLEM,4.6507626,52.3533107,Hazeltje In School B.V.,54709334,BV,Gasthuissingel 32 zw,2012DP,HAARLEM,Gasthuissingel 32 zw,2012DP,HAARLEM,N. Jansma H. Jansma,,info@kinderopvanghazeltje.nl,http://www.kindropvanghazeltje.nl,http://www.landelijkregisterkinderopvang.nl/pp/inzien/houder/NHRVestiging/GegevensHouder.jsf?selectedResultId=9904&currentPage=0,Hazeltje In School B.V.,06/07/2012,http://www.landelijkregisterkinderopvang.nl/pp/inzien/Oko/Kdv/GegevensOKO.jsf?selectedResultId=23501
233002315,2013,groen,Hazeltje Schalkwijk B.V.,39,Ja,01/01/2010,Jan van Zutphenstraat 2a ,2037VB,HAARLEM,4.659044,52.35701,Kinderopvang Hazeltje Schalkwijk B.V.,34147996,BV,Jan van Zutphenstraat 2a ,2037VB,HAARLEM,Jan van Zutphenstraat 2a ,2037VB,HAARLEM,,023-5367928',kdvhazeltje@live.nl,,http://www.landelijkregisterkinderopvang.nl/pp/inzien/houder/NHRVestiging/GegevensHouder.jsf?selectedResultId=3450&currentPage=0,Kinderopvang Hazeltje Schalkwijk B.V.,07/07/2008,http://www.landelijkregisterkinderopvang.nl/pp/inzien/Oko/Kdv/GegevensOKO.jsf?selectedResultId=23645
233002315,2014,groen,Hazeltje Schalkwijk B.V.,39,Ja,01/01/2010,Jan van Zutphenstraat 2a ,2037VB,HAARLEM,4.659044,52.35701,Kinderopvang Hazeltje Schalkwijk B.V.,34147996,BV,Jan van Zutphenstraat 2a ,2037VB,HAARLEM,Jan van Zutphenstraat 2a ,2037VB,HAARLEM,,023-5367928',kdvhazeltje@live.nl,,http://www.landelijkregisterkinderopvang.nl/pp/inzien/houder/NHRVestiging/GegevensHouder.jsf?selectedResultId=3450&currentPage=0,Kinderopvang Hazeltje Schalkwijk B.V.,07/07/2008,http://www.landelijkregisterkinderopvang.nl/pp/inzien/Oko/Kdv/GegevensOKO.jsf?selectedResultId=23645
233002315,2015,groen,Hazeltje Schalkwijk B.V.,39,Ja,01/01/2010,Jan van Zutphenstraat 2a ,2037VB,HAARLEM,4.659044,52.35701,Kinderopvang Hazeltje Schalkwijk B.V.,34147996,BV,Jan van Zutphenstraat 2a ,2037VB,HAARLEM,Jan van Zutphenstraat 2a ,2037VB,HAARLEM,,023-5367928',kdvhazeltje@live.nl,,http://www.landelijkregisterkinderopvang.nl/pp/inzien/houder/NHRVestiging/GegevensHouder.jsf?selectedResultId=3450&currentPage=0,Kinderopvang Hazeltje Schalkwijk B.V.,07/07/2008,http://www.landelijkregisterkinderopvang.nl/pp/inzien/Oko/Kdv/GegevensOKO.jsf?selectedResultId=23645
163929713,2013,geel,Het Beverbos,50,Nee,01/01/2010,Paul Krugerkade 4 ,2021BN,HAARLEM,4.6444965,52.3920345,Stichting kinderopvang Spaarne,34298621,Stichting,Gedempte Oude Gracht 67 ,2011GM,HAARLEM,Paul Krugerkade 4 ,2021BN,HAARLEM,A. Zoomers,023-5379290',kwaliteit@skos.nl,http://www.skos.nl,http://www.landelijkregisterkinderopvang.nl/pp/inzien/houder/NHRVestiging/GegevensHouder.jsf?selectedResultId=3145&currentPage=0,Stichting kinderopvang Spaarne,01/01/2005,http://www.landelijkregisterkinderopvang.nl/pp/inzien/Oko/Kdv/GegevensOKO.jsf?selectedResultId=23508
163929713,2014,geel,Het Beverbos,50,Nee,01/01/2010,Paul Krugerkade 4 ,2021BN,HAARLEM,4.6444965,52.3920345,Stichting kinderopvang Spaarne,34298621,Stichting,Gedempte Oude Gracht 67 ,2011GM,HAARLEM,Paul Krugerkade 4 ,2021BN,HAARLEM,A. Zoomers,023-5379290',kwaliteit@skos.nl,http://www.skos.nl,http://www.landelijkregisterkinderopvang.nl/pp/inzien/houder/NHRVestiging/GegevensHouder.jsf?selectedResultId=3145&currentPage=0,Stichting kinderopvang Spaarne,01/01/2005,http://www.landelijkregisterkinderopvang.nl/pp/inzien/Oko/Kdv/GegevensOKO.jsf?selectedResultId=23508
163929713,2015,groen,Het Beverbos,50,Nee,01/01/2010,Paul Krugerkade 4 ,2021BN,HAARLEM,4.6444965,52.3920345,Stichting kinderopvang Spaarne,34298621,Stichting,Gedempte Oude Gracht 67 ,2011GM,HAARLEM,Paul Krugerkade 4 ,2021BN,HAARLEM,A. Zoomers,023-5379290',kwaliteit@skos.nl,http://www.skos.nl,http://www.landelijkregisterkinderopvang.nl/pp/inzien/houder/NHRVestiging/GegevensHouder.jsf?selectedResultId=3145&currentPage=0,Stichting kinderopvang Spaarne,01/01/2005,http://www.landelijkregisterkinderopvang.nl/pp/inzien/Oko/Kdv/GegevensOKO.jsf?selectedResultId=23508
200900985,2015,geel,Het bonte Huis kleinschalige kinderopvang,7,Nee,01/01/2010,Donkere Spaarne 16 zw,2011JG,HAARLEM,4.643792,52.3812903,Gerlach,34164155,Eenmanszaak,,,,Donkere Spaarne 16 zw,2011JG,HAARLEM,,023-5321127',info@hetbontehuis.nl,,,Mevrouw Barbara Gerlach,04/07/2009,http://www.landelijkregisterkinderopvang.nl/pp/inzien/Oko/Kdv/GegevensOKO.jsf?selectedResultId=23578
200900985,2014,groen,Het bonte Huis kleinschalige kinderopvang,7,Nee,01/01/2010,Donkere Spaarne 16 zw,2011JG,HAARLEM,4.643792,52.3812903,Gerlach,34164155,Eenmanszaak,,,,Donkere Spaarne 16 zw,2011JG,HAARLEM,,023-5321127',info@hetbontehuis.nl,,,Mevrouw Barbara Gerlach,04/07/2009,http://www.landelijkregisterkinderopvang.nl/pp/inzien/Oko/Kdv/GegevensOKO.jsf?selectedResultId=23578
562918152,2014,geel,Het Kabouterhuis,30,Nee,01/01/2010,Wagenweg 240a ,2012NP,HAARLEM,4.6189169,52.3655356,Scholten,34096303,Eenmanszaak,,,,Wagenweg 240a ,2012NP,HAARLEM,,06-29464939',,,,Mevrouw Louisa Margaretha Theodora Scholten,01/01/2005,http://www.landelijkregisterkinderopvang.nl/pp/inzien/Oko/Kdv/GegevensOKO.jsf?selectedResultId=23666
562918152,2015,groen,Het Kabouterhuis,30,Nee,01/01/2010,Wagenweg 240a ,2012NP,HAARLEM,4.6189169,52.3655356,Scholten,34096303,Eenmanszaak,,,,Wagenweg 240a ,2012NP,HAARLEM,,06-29464939',,,,Mevrouw Louisa Margaretha Theodora Scholten,01/01/2005,http://www.landelijkregisterkinderopvang.nl/pp/inzien/Oko/Kdv/GegevensOKO.jsf?selectedResultId=23666
330959402,2013,geel,Kakelbont,93,Nee,01/01/2010,Nieuwe Gracht 16 ,2011NE,HAARLEM,4.6411996,52.3848179,Stichting Kinderopvang Haarlem,41225313,Stichting,Cornelis van Noordestraat 15 ,2033EC,HAARLEM,Nieuwe Gracht 16 ,2011NE,HAARLEM,Mevr. P.E.M. Massop,023-5323886',kakelbont@kinderopvanghaarlem.nl,http://www.kinderopvanghaarlem.nl,http://www.landelijkregisterkinderopvang.nl/pp/inzien/houder/NHRVestiging/GegevensHouder.jsf?selectedResultId=3394&currentPage=0,Stichting Kinderopvang Haarlem,01/20/2009,http://www.landelijkregisterkinderopvang.nl/pp/inzien/Oko/Kdv/GegevensOKO.jsf?selectedResultId=23651
330959402,2014,geel,Kakelbont,93,Nee,01/01/2010,Nieuwe Gracht 16 ,2011NE,HAARLEM,4.6411996,52.3848179,Stichting Kinderopvang Haarlem,41225313,Stichting,Cornelis van Noordestraat 15 ,2033EC,HAARLEM,Nieuwe Gracht 16 ,2011NE,HAARLEM,Mevr. P.E.M. Massop,023-5323886',kakelbont@kinderopvanghaarlem.nl,http://www.kinderopvanghaarlem.nl,http://www.landelijkregisterkinderopvang.nl/pp/inzien/houder/NHRVestiging/GegevensHouder.jsf?selectedResultId=3394&currentPage=0,Stichting Kinderopvang Haarlem,01/20/2009,http://www.landelijkregisterkinderopvang.nl/pp/inzien/Oko/Kdv/GegevensOKO.jsf?selectedResultId=23651
330959402,2015,geel,Kakelbont,93,Nee,01/01/2010,Nieuwe Gracht 16 ,2011NE,HAARLEM,4.6411996,52.3848179,Stichting Kinderopvang Haarlem,41225313,Stichting,Cornelis van Noordestraat 15 ,2033EC,HAARLEM,Nieuwe Gracht 16 ,2011NE,HAARLEM,Mevr. P.E.M. Massop,023-5323886',kakelbont@kinderopvanghaarlem.nl,http://www.kinderopvanghaarlem.nl,http://www.landelijkregisterkinderopvang.nl/pp/inzien/houder/NHRVestiging/GegevensHouder.jsf?selectedResultId=3394&currentPage=0,Stichting Kinderopvang Haarlem,01/20/2009,http://www.landelijkregisterkinderopvang.nl/pp/inzien/Oko/Kdv/GegevensOKO.jsf?selectedResultId=23651
755728294,2013,groen,Kameleon,36,Nee,01/01/2010,Van Oosten de Bruijnstraat 62 ,2014VS,HAARLEM,4.618951,52.3774819,Stichting Kinderopvang Haarlem,41225313,Stichting,Cornelis van Noordestraat 15 ,2033EC,HAARLEM,Van Oosten de Bruijnstraat 62 ,2014VS,HAARLEM,,023-5426055',,http://www.kinderopvanghaarlem.nl,http://www.landelijkregisterkinderopvang.nl/pp/inzien/houder/NHRVestiging/GegevensHouder.jsf?selectedResultId=3394&currentPage=0,Stichting Kinderopvang Haarlem,01/01/2005,http://www.landelijkregisterkinderopvang.nl/pp/inzien/Oko/Kdv/GegevensOKO.jsf?selectedResultId=23461
755728294,2014,groen,Kameleon,36,Nee,01/01/2010,Van Oosten de Bruijnstraat 62 ,2014VS,HAARLEM,4.618951,52.3774819,Stichting Kinderopvang Haarlem,41225313,Stichting,Cornelis van Noordestraat 15 ,2033EC,HAARLEM,Van Oosten de Bruijnstraat 62 ,2014VS,HAARLEM,,023-5426055',,http://www.kinderopvanghaarlem.nl,http://www.landelijkregisterkinderopvang.nl/pp/inzien/houder/NHRVestiging/GegevensHouder.jsf?selectedResultId=3394&currentPage=0,Stichting Kinderopvang Haarlem,01/01/2005,http://www.landelijkregisterkinderopvang.nl/pp/inzien/Oko/Kdv/GegevensOKO.jsf?selectedResultId=23461
755728294,2015,groen,Kameleon,36,Nee,01/01/2010,Van Oosten de Bruijnstraat 62 ,2014VS,HAARLEM,4.618951,52.3774819,Stichting Kinderopvang Haarlem,41225313,Stichting,Cornelis van Noordestraat 15 ,2033EC,HAARLEM,Van Oosten de Bruijnstraat 62 ,2014VS,HAARLEM,,023-5426055',,http://www.kinderopvanghaarlem.nl,http://www.landelijkregisterkinderopvang.nl/pp/inzien/houder/NHRVestiging/GegevensHouder.jsf?selectedResultId=3394&currentPage=0,Stichting Kinderopvang Haarlem,01/01/2005,http://www.landelijkregisterkinderopvang.nl/pp/inzien/Oko/Kdv/GegevensOKO.jsf?selectedResultId=23461
121631308,2013,groen,KDV Bakenessergracht Op Stoom,16,Nee,01/01/2010,Bakenessergracht 26 B,2011JW,HAARLEM,4.6395674,52.3832131,De Teddyzolder Op Stoom B.V.,34245030,BV,Hildebrandlaan 2 ,2012PR,HAARLEM,Rutherfordstraat 4 ,2014KA,HAARLEM,,023-5442737',secretariaat@opstoom.nl,http://www.opstoom.nl,http://www.landelijkregisterkinderopvang.nl/pp/inzien/houder/NHRVestiging/GegevensHouder.jsf?selectedResultId=3397&currentPage=0,De Teddyzolder Op Stoom B.V.,01/01/2005,http://www.landelijkregisterkinderopvang.nl/pp/inzien/Oko/Kdv/GegevensOKO.jsf?selectedResultId=23521
121631308,2014,groen,KDV Bakenessergracht Op Stoom,16,Nee,01/01/2010,Bakenessergracht 26 B,2011JW,HAARLEM,4.6395674,52.3832131,De Teddyzolder Op Stoom B.V.,34245030,BV,Hildebrandlaan 2 ,2012PR,HAARLEM,Rutherfordstraat 4 ,2014KA,HAARLEM,,023-5442737',secretariaat@opstoom.nl,http://www.opstoom.nl,http://www.landelijkregisterkinderopvang.nl/pp/inzien/houder/NHRVestiging/GegevensHouder.jsf?selectedResultId=3397&currentPage=0,De Teddyzolder Op Stoom B.V.,01/01/2005,http://www.landelijkregisterkinderopvang.nl/pp/inzien/Oko/Kdv/GegevensOKO.jsf?selectedResultId=23521
121631308,2015,groen,KDV Bakenessergracht Op Stoom,16,Nee,01/01/2010,Bakenessergracht 26 B,2011JW,HAARLEM,4.6395674,52.3832131,De Teddyzolder Op Stoom B.V.,34245030,BV,Hildebrandlaan 2 ,2012PR,HAARLEM,Rutherfordstraat 4 ,2014KA,HAARLEM,,023-5442737',secretariaat@opstoom.nl,http://www.opstoom.nl,http://www.landelijkregisterkinderopvang.nl/pp/inzien/houder/NHRVestiging/GegevensHouder.jsf?selectedResultId=3397&currentPage=0,De Teddyzolder Op Stoom B.V.,01/01/2005,http://www.landelijkregisterkinderopvang.nl/pp/inzien/Oko/Kdv/GegevensOKO.jsf?selectedResultId=23521
646044485,2014,geel,KDV De Stad Op Stoom,28,Nee,01/01/2011,Linschotenstraat 57A ,2012VE,HAARLEM,4.6401838,52.3752568,Spaarnestad Op Stoom B.V.,34359125,BV,Rutherfordstraat 4 ,2014KA,HAARLEM,Rutherfordstraat 4 ,2014KA,HAARLEM,,023-5442737',secretariaat@opstoom.nl,http://www.opstoom.nl,http://www.landelijkregisterkinderopvang.nl/pp/inzien/houder/NHRVestiging/GegevensHouder.jsf?selectedResultId=3441&currentPage=0,Spaarnestad Op Stoom B.V.,12/13/2010,http://www.landelijkregisterkinderopvang.nl/pp/inzien/Oko/Kdv/GegevensOKO.jsf?selectedResultId=71437
646044485,2015,groen,KDV De Stad Op Stoom,28,Nee,01/01/2011,Linschotenstraat 57A ,2012VE,HAARLEM,4.6401838,52.3752568,Spaarnestad Op Stoom B.V.,34359125,BV,Rutherfordstraat 4 ,2014KA,HAARLEM,Rutherfordstraat 4 ,2014KA,HAARLEM,,023-5442737',secretariaat@opstoom.nl,http://www.opstoom.nl,http://www.landelijkregisterkinderopvang.nl/pp/inzien/houder/NHRVestiging/GegevensHouder.jsf?selectedResultId=3441&currentPage=0,Spaarnestad Op Stoom B.V.,12/13/2010,http://www.landelijkregisterkinderopvang.nl/pp/inzien/Oko/Kdv/GegevensOKO.jsf?selectedResultId=71437
169957615,2014,geel,KDV Meerwijk Op Stoom ,55,Ja,01/01/2010,Leonardo da Vinciplein 74 ,2037RR,HAARLEM,4.6643659,52.354669,Meerwijk Op Stoom B.V.,34213961,BV,Leonardo da Vinciplein 74 ,2037RR,HAARLEM,Rutherfordstraat 4 ,2014KA,HAARLEM,,023-5442737',secretariaat@opstoom.nl,http://www.opstoom.nl,http://www.landelijkregisterkinderopvang.nl/pp/inzien/houder/NHRVestiging/GegevensHouder.jsf?selectedResultId=3422&currentPage=0,,03/26/2009,http://www.landelijkregisterkinderopvang.nl/pp/inzien/Oko/Kdv/GegevensOKO.jsf?selectedResultId=23514
169957615,2015,geel,KDV Meerwijk Op Stoom ,55,Ja,01/01/2010,Leonardo da Vinciplein 74 ,2037RR,HAARLEM,4.6643659,52.354669,Meerwijk Op Stoom B.V.,34213961,BV,Leonardo da Vinciplein 74 ,2037RR,HAARLEM,Rutherfordstraat 4 ,2014KA,HAARLEM,,023-5442737',secretariaat@opstoom.nl,http://www.opstoom.nl,http://www.landelijkregisterkinderopvang.nl/pp/inzien/houder/NHRVestiging/GegevensHouder.jsf?selectedResultId=3422&currentPage=0,,03/26/2009,http://www.landelijkregisterkinderopvang.nl/pp/inzien/Oko/Kdv/GegevensOKO.jsf?selectedResultId=23514
169957615,2013,oranje,KDV Meerwijk Op Stoom ,55,Ja,01/01/2010,Leonardo da Vinciplein 74 ,2037RR,HAARLEM,4.6643659,52.354669,Meerwijk Op Stoom B.V.,34213961,BV,Leonardo da Vinciplein 74 ,2037RR,HAARLEM,Rutherfordstraat 4 ,2014KA,HAARLEM,,023-5442737',secretariaat@opstoom.nl,http://www.opstoom.nl,http://www.landelijkregisterkinderopvang.nl/pp/inzien/houder/NHRVestiging/GegevensHouder.jsf?selectedResultId=3422&currentPage=0,,03/26/2009,http://www.landelijkregisterkinderopvang.nl/pp/inzien/Oko/Kdv/GegevensOKO.jsf?selectedResultId=23514
700100180,2013,geel,KDV Ripperda Op Stoom,73,Nee,01/01/2010,Huzarenstraat 1 ,2023GM,HAARLEM,4.6379156,52.3945995,Ripperda Op Stoom B.V.,34278899,BV,Rutherfordstraat 4 ,2014KA,HAARLEM,Rutherfordstraat 4 ,2014KA,HAARLEM,,023-5442737',secretariaat@opstoom.nl,http://www.opstoom.nl,http://www.landelijkregisterkinderopvang.nl/pp/inzien/houder/NHRVestiging/GegevensHouder.jsf?selectedResultId=3443&currentPage=0,Ripperda Op Stoom B.V.,03/26/2009,http://www.landelijkregisterkinderopvang.nl/pp/inzien/Oko/Kdv/GegevensOKO.jsf?selectedResultId=23499
700100180,2014,geel,KDV Ripperda Op Stoom,73,Nee,01/01/2010,Huzarenstraat 1 ,2023GM,HAARLEM,4.6379156,52.3945995,Ripperda Op Stoom B.V.,34278899,BV,Rutherfordstraat 4 ,2014KA,HAARLEM,Rutherfordstraat 4 ,2014KA,HAARLEM,,023-5442737',secretariaat@opstoom.nl,http://www.opstoom.nl,http://www.landelijkregisterkinderopvang.nl/pp/inzien/houder/NHRVestiging/GegevensHouder.jsf?selectedResultId=3443&currentPage=0,Ripperda Op Stoom B.V.,03/26/2009,http://www.landelijkregisterkinderopvang.nl/pp/inzien/Oko/Kdv/GegevensOKO.jsf?selectedResultId=23499
700100180,2015,groen,KDV Ripperda Op Stoom,73,Nee,01/01/2010,Huzarenstraat 1 ,2023GM,HAARLEM,4.6379156,52.3945995,Ripperda Op Stoom B.V.,34278899,BV,Rutherfordstraat 4 ,2014KA,HAARLEM,Rutherfordstraat 4 ,2014KA,HAARLEM,,023-5442737',secretariaat@opstoom.nl,http://www.opstoom.nl,http://www.landelijkregisterkinderopvang.nl/pp/inzien/houder/NHRVestiging/GegevensHouder.jsf?selectedResultId=3443&currentPage=0,Ripperda Op Stoom B.V.,03/26/2009,http://www.landelijkregisterkinderopvang.nl/pp/inzien/Oko/Kdv/GegevensOKO.jsf?selectedResultId=23499
875749926,2014,geel,KDV Rutherford Op Stoom,128,Nee,01/01/2010,Rutherfordstraat 4 ,2014KA,HAARLEM,4.6136222,52.3711022,Rutherfordstraat Op Stoom B.V.,34088791,BV,Rutherfordstraat 4 ,2014KA,HAARLEM,Rutherfordstraat 4 ,2014KA,HAARLEM,,023-5442737',secretariaat@opstoom.nl,http://www.opstoom.nl,http://www.landelijkregisterkinderopvang.nl/pp/inzien/houder/NHRVestiging/GegevensHouder.jsf?selectedResultId=3442&currentPage=0,Rutherfordstraat Op Stoom B.V.,01/01/2005,http://www.landelijkregisterkinderopvang.nl/pp/inzien/Oko/Kdv/GegevensOKO.jsf?selectedResultId=23496
875749926,2015,groen,KDV Rutherford Op Stoom,128,Nee,01/01/2010,Rutherfordstraat 4 ,2014KA,HAARLEM,4.6136222,52.3711022,Rutherfordstraat Op Stoom B.V.,34088791,BV,Rutherfordstraat 4 ,2014KA,HAARLEM,Rutherfordstraat 4 ,2014KA,HAARLEM,,023-5442737',secretariaat@opstoom.nl,http://www.opstoom.nl,http://www.landelijkregisterkinderopvang.nl/pp/inzien/houder/NHRVestiging/GegevensHouder.jsf?selectedResultId=3442&currentPage=0,Rutherfordstraat Op Stoom B.V.,01/01/2005,http://www.landelijkregisterkinderopvang.nl/pp/inzien/Oko/Kdv/GegevensOKO.jsf?selectedResultId=23496
192505877,2013,groen,KDV Teddyzolder Op Stoom,76,Nee,01/01/2010,Hildebrandlaan 2 ,2012PR,HAARLEM,4.6322407,52.3669879,De Teddyzolder Op Stoom B.V.,34245030,BV,Hildebrandlaan 2 ,2012PR,HAARLEM,Rutherfordstraat 4 ,2014KA,HAARLEM,,023-5442737',secretariaat@opstoom.nl,http://www.opstoom.nl,http://www.landelijkregisterkinderopvang.nl/pp/inzien/houder/NHRVestiging/GegevensHouder.jsf?selectedResultId=3397&currentPage=0,De Teddyzolder Op Stoom B.V.,03/06/2009,http://www.landelijkregisterkinderopvang.nl/pp/inzien/Oko/Kdv/GegevensOKO.jsf?selectedResultId=23527
192505877,2014,groen,KDV Teddyzolder Op Stoom,76,Nee,01/01/2010,Hildebrandlaan 2 ,2012PR,HAARLEM,4.6322407,52.3669879,De Teddyzolder Op Stoom B.V.,34245030,BV,Hildebrandlaan 2 ,2012PR,HAARLEM,Rutherfordstraat 4 ,2014KA,HAARLEM,,023-5442737',secretariaat@opstoom.nl,http://www.opstoom.nl,http://www.landelijkregisterkinderopvang.nl/pp/inzien/houder/NHRVestiging/GegevensHouder.jsf?selectedResultId=3397&currentPage=0,De Teddyzolder Op Stoom B.V.,03/06/2009,http://www.landelijkregisterkinderopvang.nl/pp/inzien/Oko/Kdv/GegevensOKO.jsf?selectedResultId=23527
192505877,2015,groen,KDV Teddyzolder Op Stoom,76,Nee,01/01/2010,Hildebrandlaan 2 ,2012PR,HAARLEM,4.6322407,52.3669879,De Teddyzolder Op Stoom B.V.,34245030,BV,Hildebrandlaan 2 ,2012PR,HAARLEM,Rutherfordstraat 4 ,2014KA,HAARLEM,,023-5442737',secretariaat@opstoom.nl,http://www.opstoom.nl,http://www.landelijkregisterkinderopvang.nl/pp/inzien/houder/NHRVestiging/GegevensHouder.jsf?selectedResultId=3397&currentPage=0,De Teddyzolder Op Stoom B.V.,03/06/2009,http://www.landelijkregisterkinderopvang.nl/pp/inzien/Oko/Kdv/GegevensOKO.jsf?selectedResultId=23527
112102864,2013,geel,Kikkerpad,48,Nee,01/01/2010,Houtmanpad 31 ,2014AZ,HAARLEM,4.6153839,52.3841367,Stichting Kinderopvang Haarlem,41225313,Stichting,Cornelis van Noordestraat 15 ,2033EC,HAARLEM,Houtmanpad 31 ,2014AZ,HAARLEM,,023-5443579',kikkerpad@kinderopvanghaarlem.nl,http://www.kinderopvanghaarlem.nl,http://www.landelijkregisterkinderopvang.nl/pp/inzien/houder/NHRVestiging/GegevensHouder.jsf?selectedResultId=3394&currentPage=0,Stichting Kinderopvang Haarlem,03/01/2005,http://www.landelijkregisterkinderopvang.nl/pp/inzien/Oko/Kdv/GegevensOKO.jsf?selectedResultId=23470
112102864,2014,geel,Kikkerpad,48,Nee,01/01/2010,Houtmanpad 31 ,2014AZ,HAARLEM,4.6153839,52.3841367,Stichting Kinderopvang Haarlem,41225313,Stichting,Cornelis van Noordestraat 15 ,2033EC,HAARLEM,Houtmanpad 31 ,2014AZ,HAARLEM,,023-5443579',kikkerpad@kinderopvanghaarlem.nl,http://www.kinderopvanghaarlem.nl,http://www.landelijkregisterkinderopvang.nl/pp/inzien/houder/NHRVestiging/GegevensHouder.jsf?selectedResultId=3394&currentPage=0,Stichting Kinderopvang Haarlem,03/01/2005,http://www.landelijkregisterkinderopvang.nl/pp/inzien/Oko/Kdv/GegevensOKO.jsf?selectedResultId=23470
112102864,2015,geel,Kikkerpad,48,Nee,01/01/2010,Houtmanpad 31 ,2014AZ,HAARLEM,4.6153839,52.3841367,Stichting Kinderopvang Haarlem,41225313,Stichting,Cornelis van Noordestraat 15 ,2033EC,HAARLEM,Houtmanpad 31 ,2014AZ,HAARLEM,,023-5443579',kikkerpad@kinderopvanghaarlem.nl,http://www.kinderopvanghaarlem.nl,http://www.landelijkregisterkinderopvang.nl/pp/inzien/houder/NHRVestiging/GegevensHouder.jsf?selectedResultId=3394&currentPage=0,Stichting Kinderopvang Haarlem,03/01/2005,http://www.landelijkregisterkinderopvang.nl/pp/inzien/Oko/Kdv/GegevensOKO.jsf?selectedResultId=23470
112102864,2014,groen,Kikkerpad,48,Nee,01/01/2010,Houtmanpad 31 ,2014AZ,HAARLEM,4.6153839,52.3841367,Stichting Kinderopvang Haarlem,41225313,Stichting,Cornelis van Noordestraat 15 ,2033EC,HAARLEM,Houtmanpad 31 ,2014AZ,HAARLEM,,023-5443579',kikkerpad@kinderopvanghaarlem.nl,http://www.kinderopvanghaarlem.nl,http://www.landelijkregisterkinderopvang.nl/pp/inzien/houder/NHRVestiging/GegevensHouder.jsf?selectedResultId=3394&currentPage=0,Stichting Kinderopvang Haarlem,03/01/2005,http://www.landelijkregisterkinderopvang.nl/pp/inzien/Oko/Kdv/GegevensOKO.jsf?selectedResultId=23470
112102864,2015,groen,Kikkerpad,48,Nee,01/01/2010,Houtmanpad 31 ,2014AZ,HAARLEM,4.6153839,52.3841367,Stichting Kinderopvang Haarlem,41225313,Stichting,Cornelis van Noordestraat 15 ,2033EC,HAARLEM,Houtmanpad 31 ,2014AZ,HAARLEM,,023-5443579',kikkerpad@kinderopvanghaarlem.nl,http://www.kinderopvanghaarlem.nl,http://www.landelijkregisterkinderopvang.nl/pp/inzien/houder/NHRVestiging/GegevensHouder.jsf?selectedResultId=3394&currentPage=0,Stichting Kinderopvang Haarlem,03/01/2005,http://www.landelijkregisterkinderopvang.nl/pp/inzien/Oko/Kdv/GegevensOKO.jsf?selectedResultId=23470
122810776,2014,groen,Kindercentrum De Kleine Houtrakkers,16,Nee,03/01/2011,Kleine Houtweg 15 ,2012CA,HAARLEM,4.6349276,52.3751771,Cakirer-Demirer,51214687,Eenmanszaak,,,,Kleine Houtweg 15A ,2012CA,HAARLEM,S. Cakirer-Demirer,023 5424664',selma-demirer@hotmail.com,,,Mevrouw Selma Cakirer-Demirer,03/01/2011,http://www.landelijkregisterkinderopvang.nl/pp/inzien/Oko/Kdv/GegevensOKO.jsf?selectedResultId=75999
122810776,2015,groen,Kindercentrum De Kleine Houtrakkers,16,Nee,03/01/2011,Kleine Houtweg 15 ,2012CA,HAARLEM,4.6349276,52.3751771,Cakirer-Demirer,51214687,Eenmanszaak,,,,Kleine Houtweg 15A ,2012CA,HAARLEM,S. Cakirer-Demirer,023 5424664',selma-demirer@hotmail.com,,,Mevrouw Selma Cakirer-Demirer,03/01/2011,http://www.landelijkregisterkinderopvang.nl/pp/inzien/Oko/Kdv/GegevensOKO.jsf?selectedResultId=75999
168289957,2014,geel,Kindercentrum Wereldkids,28,Nee,05/01/2012,Wagenweg 92 94,2012NH,HAARLEM,4.6243049,52.3716963,WereldKids Amsterdam B.V.,34203123,BV,Kwakersstraat 22 H,1053WD,Amsterdam,Kwakersstraat 22 bg,1053WD,AMSTERDAM,M. Deen,020-4892327',info@wereldkidshaarlem.nl,http://www.wereldkidshaarlem.nl,http://www.landelijkregisterkinderopvang.nl/pp/inzien/houder/NHRVestiging/GegevensHouder.jsf?selectedResultId=3938&currentPage=0,WereldKids Amsterdam B.V.,07/11/2011,http://www.landelijkregisterkinderopvang.nl/pp/inzien/Oko/Kdv/GegevensOKO.jsf?selectedResultId=80321
168289957,2015,geel,Kindercentrum Wereldkids,28,Nee,05/01/2012,Wagenweg 92 94,2012NH,HAARLEM,4.6243049,52.3716963,WereldKids Amsterdam B.V.,34203123,BV,Kwakersstraat 22 H,1053WD,Amsterdam,Kwakersstraat 22 bg,1053WD,AMSTERDAM,M. Deen,020-4892327',info@wereldkidshaarlem.nl,http://www.wereldkidshaarlem.nl,http://www.landelijkregisterkinderopvang.nl/pp/inzien/houder/NHRVestiging/GegevensHouder.jsf?selectedResultId=3938&currentPage=0,WereldKids Amsterdam B.V.,07/11/2011,http://www.landelijkregisterkinderopvang.nl/pp/inzien/Oko/Kdv/GegevensOKO.jsf?selectedResultId=80321
221386294,2014,geel,Kinderdagverblijf Het Vosje,80,Nee,10/08/2007,Linschotenstraat 21 ,2012VD,HAARLEM,4.6388019,52.3753753,Baby- en Peuterdagverblijf 't Vosje Linschotenstraat B.V.,34283804,BV,Linschotenstraat 21 ,2012VD,HAARLEM,Linschotenstraat 21 ,2012VD,HAARLEM,J. Kuipers,023-5314299',info@tvosje.nu,,http://www.landelijkregisterkinderopvang.nl/pp/inzien/houder/NHRVestiging/GegevensHouder.jsf?selectedResultId=3428&currentPage=0,Baby- en Peuterdagverblijf 't Vosje Linschotenstraat B.V.,10/08/2007,http://www.landelijkregisterkinderopvang.nl/pp/inzien/Oko/Kdv/GegevensOKO.jsf?selectedResultId=68969
221386294,2015,geel,Kinderdagverblijf Het Vosje,80,Nee,10/08/2007,Linschotenstraat 21 ,2012VD,HAARLEM,4.6388019,52.3753753,Baby- en Peuterdagverblijf 't Vosje Linschotenstraat B.V.,34283804,BV,Linschotenstraat 21 ,2012VD,HAARLEM,Linschotenstraat 21 ,2012VD,HAARLEM,J. Kuipers,023-5314299',info@tvosje.nu,,http://www.landelijkregisterkinderopvang.nl/pp/inzien/houder/NHRVestiging/GegevensHouder.jsf?selectedResultId=3428&currentPage=0,Baby- en Peuterdagverblijf 't Vosje Linschotenstraat B.V.,10/08/2007,http://www.landelijkregisterkinderopvang.nl/pp/inzien/Oko/Kdv/GegevensOKO.jsf?selectedResultId=68969
820205497,2014,groen,Kindergarden Kennemerplein,48,Nee,05/21/2012,Kennemerplein 3 ,2011MH,HAARLEM,4.6384636,52.3890024,Kindergarden Nederland B.V,33303797,BV,Herengracht 244 ,1016BT,AMSTERDAM,Herengracht 244 ,1016BT,AMSTERDAM,Mw. H. de Haan,020-4235422',info@kindergarden.nl,http://www.kindergarden.nl,http://www.landelijkregisterkinderopvang.nl/pp/inzien/houder/NHRVestiging/GegevensHouder.jsf?selectedResultId=2127&currentPage=0,Kindergarden Nederland B.V,03/18/2012,http://www.landelijkregisterkinderopvang.nl/pp/inzien/Oko/Kdv/GegevensOKO.jsf?selectedResultId=88377
820205497,2015,groen,Kindergarden Kennemerplein,48,Nee,05/21/2012,Kennemerplein 3 ,2011MH,HAARLEM,4.6384636,52.3890024,Kindergarden Nederland B.V,33303797,BV,Herengracht 244 ,1016BT,AMSTERDAM,Herengracht 244 ,1016BT,AMSTERDAM,Mw. H. de Haan,020-4235422',info@kindergarden.nl,http://www.kindergarden.nl,http://www.landelijkregisterkinderopvang.nl/pp/inzien/houder/NHRVestiging/GegevensHouder.jsf?selectedResultId=2127&currentPage=0,Kindergarden Nederland B.V,03/18/2012,http://www.landelijkregisterkinderopvang.nl/pp/inzien/Oko/Kdv/GegevensOKO.jsf?selectedResultId=88377
162012767,2014,groen,Kinderopvang 't Zonnehoekje B.V.,32,Nee,01/12/2012,Schoterweg 94 ,2021HR,HAARLEM,4.6405326,52.3932879,Kinderopvang 't Zonnehoekje B.V.,34225103,BV,Baden Powellweg 70 ,1069LK,AMSTERDAM,Evertsweertplantsoen 3C ,1069RK,AMSTERDAM,M. Polat,06 28596239',info@zonnehoekje.com,,http://www.landelijkregisterkinderopvang.nl/pp/inzien/houder/NHRVestiging/GegevensHouder.jsf?selectedResultId=3956&currentPage=0,Kinderopvang 't Zonnehoekje B.V.,09/14/2011,http://www.landelijkregisterkinderopvang.nl/pp/inzien/Oko/Kdv/GegevensOKO.jsf?selectedResultId=82237
162012767,2015,groen,Kinderopvang 't Zonnehoekje B.V.,32,Nee,01/12/2012,Schoterweg 94 ,2021HR,HAARLEM,4.6405326,52.3932879,Kinderopvang 't Zonnehoekje B.V.,34225103,BV,Baden Powellweg 70 ,1069LK,AMSTERDAM,Evertsweertplantsoen 3C ,1069RK,AMSTERDAM,M. Polat,06 28596239',info@zonnehoekje.com,,http://www.landelijkregisterkinderopvang.nl/pp/inzien/houder/NHRVestiging/GegevensHouder.jsf?selectedResultId=3956&currentPage=0,Kinderopvang 't Zonnehoekje B.V.,09/14/2011,http://www.landelijkregisterkinderopvang.nl/pp/inzien/Oko/Kdv/GegevensOKO.jsf?selectedResultId=82237
124667065,2015,geel,Kinderopvang aan Zee,46,Nee,01/01/2010,Houtmanpad 22 ,2015EW,HAARLEM,4.6107961,52.3849765,Smallsteps B.V.,60901934,BV,Postbus 586,7550AN,Hengelo,Houtmanpad 22 ,2015EW,HAARLEM,Afdeling Huisvesting,074-2557000',huisvesting@smallsteps.info,http://www.smallsteps.info,http://www.landelijkregisterkinderopvang.nl/pp/inzien/houder/NHRVestiging/GegevensHouder.jsf?selectedResultId=14441&currentPage=0,Smallsteps B.V.,08/08/2014,http://www.landelijkregisterkinderopvang.nl/pp/inzien/Oko/Kdv/GegevensOKO.jsf?selectedResultId=23564
489410376,2014,groen,Kinderopvang de Wonderberk B.V.,80,Nee,07/04/2012,Rijksstraatweg 26 ,2022DA,HAARLEM,4.6451488,52.4006383,Kinderopvang de Wonderberk B.V.,54098084,BV,Rijksstraatweg 26 ,2022DA,HAARLEM,Rijksstraatweg 26 ,2022DA,HAARLEM,M. Bijkersma,023-8200955',info@wonderberk.nl,http://www.wonderberk.nl,http://www.landelijkregisterkinderopvang.nl/pp/inzien/houder/NHRVestiging/GegevensHouder.jsf?selectedResultId=9644&currentPage=0,Kinderopvang de Wonderberk B.V.,02/27/2012,http://www.landelijkregisterkinderopvang.nl/pp/inzien/Oko/Kdv/GegevensOKO.jsf?selectedResultId=88435
489410376,2015,groen,Kinderopvang de Wonderberk B.V.,80,Nee,07/04/2012,Rijksstraatweg 26 ,2022DA,HAARLEM,4.6451488,52.4006383,Kinderopvang de Wonderberk B.V.,54098084,BV,Rijksstraatweg 26 ,2022DA,HAARLEM,Rijksstraatweg 26 ,2022DA,HAARLEM,M. Bijkersma,023-8200955',info@wonderberk.nl,http://www.wonderberk.nl,http://www.landelijkregisterkinderopvang.nl/pp/inzien/houder/NHRVestiging/GegevensHouder.jsf?selectedResultId=9644&currentPage=0,Kinderopvang de Wonderberk B.V.,02/27/2012,http://www.landelijkregisterkinderopvang.nl/pp/inzien/Oko/Kdv/GegevensOKO.jsf?selectedResultId=88435
201602532,2015,geel,Kinderopvang Schuylenburght,28,Nee,01/01/2010,Hedastraat 3 ,2023EW,HAARLEM,4.6310093,52.3954727,Smidt,34166670,Eenmanszaak,,,,Camplaan 40 ,2101GX,HEEMSTEDE,N. de Smidt,023-5266886',info@schuylenburght.nl,http://www.schuylenburght.nl,,Mevrouw Nancy de Smidt,,http://www.landelijkregisterkinderopvang.nl/pp/inzien/Oko/Kdv/GegevensOKO.jsf?selectedResultId=23675
201602532,2014,groen,Kinderopvang Schuylenburght,28,Nee,01/01/2010,Hedastraat 3 ,2023EW,HAARLEM,4.6310093,52.3954727,Smidt,34166670,Eenmanszaak,,,,Camplaan 40 ,2101GX,HEEMSTEDE,N. de Smidt,023-5266886',info@schuylenburght.nl,http://www.schuylenburght.nl,,Mevrouw Nancy de Smidt,,http://www.landelijkregisterkinderopvang.nl/pp/inzien/Oko/Kdv/GegevensOKO.jsf?selectedResultId=23675
201602532,2015,groen,Kinderopvang Schuylenburght,28,Nee,01/01/2010,Hedastraat 3 ,2023EW,HAARLEM,4.6310093,52.3954727,Smidt,34166670,Eenmanszaak,,,,Camplaan 40 ,2101GX,HEEMSTEDE,N. de Smidt,023-5266886',info@schuylenburght.nl,http://www.schuylenburght.nl,,Mevrouw Nancy de Smidt,,http://www.landelijkregisterkinderopvang.nl/pp/inzien/Oko/Kdv/GegevensOKO.jsf?selectedResultId=23675
201602532,2015,oranje,Kinderopvang Schuylenburght,28,Nee,01/01/2010,Hedastraat 3 ,2023EW,HAARLEM,4.6310093,52.3954727,Smidt,34166670,Eenmanszaak,,,,Camplaan 40 ,2101GX,HEEMSTEDE,N. de Smidt,023-5266886',info@schuylenburght.nl,http://www.schuylenburght.nl,,Mevrouw Nancy de Smidt,,http://www.landelijkregisterkinderopvang.nl/pp/inzien/Oko/Kdv/GegevensOKO.jsf?selectedResultId=23675
127069719,2015,geel,Kleef & Co,62,Nee,01/01/2010,t Hoenstraat 7 ,2023KW,HAARLEM,4.6282653,52.3987534,Stichting Kinderopvang Haarlem,41225313,Stichting,Cornelis van Noordestraat 15 ,2033EC,HAARLEM,t Hoenstraat 7 ,2023KW,HAARLEM,,,Kleefenco@kinderopvanghaarlem.nl,http://www.kinderopvanghaarlem.nl,http://www.landelijkregisterkinderopvang.nl/pp/inzien/houder/NHRVestiging/GegevensHouder.jsf?selectedResultId=3394&currentPage=0,Stichting Kinderopvang Haarlem,03/06/2008,http://www.landelijkregisterkinderopvang.nl/pp/inzien/Oko/Kdv/GegevensOKO.jsf?selectedResultId=23490
127069719,2014,groen,Kleef & Co,62,Nee,01/01/2010,t Hoenstraat 7 ,2023KW,HAARLEM,4.6282653,52.3987534,Stichting Kinderopvang Haarlem,41225313,Stichting,Cornelis van Noordestraat 15 ,2033EC,HAARLEM,t Hoenstraat 7 ,2023KW,HAARLEM,,,Kleefenco@kinderopvanghaarlem.nl,http://www.kinderopvanghaarlem.nl,http://www.landelijkregisterkinderopvang.nl/pp/inzien/houder/NHRVestiging/GegevensHouder.jsf?selectedResultId=3394&currentPage=0,Stichting Kinderopvang Haarlem,03/06/2008,http://www.landelijkregisterkinderopvang.nl/pp/inzien/Oko/Kdv/GegevensOKO.jsf?selectedResultId=23490
171494040,2013,geel,Les Petits Regentesselaan,56,Nee,01/01/2010,Regentesselaan 40 ,2015BZ,HAARLEM,4.6189873,52.3879797,Les Petits Kinderdagverblijven BV,41225223,BV,Donkerelaan 68 ,2061JP,Bloemendaal,Julianalaan 2A ,2051JR,OVERVEEN,,023-5318274',,,http://www.landelijkregisterkinderopvang.nl/pp/inzien/houder/NHRVestiging/GegevensHouder.jsf?selectedResultId=2786&currentPage=0,Les Petits Kinderdagverblijven BV,01/01/2005,http://www.landelijkregisterkinderopvang.nl/pp/inzien/Oko/Kdv/GegevensOKO.jsf?selectedResultId=23520
171494040,2014,groen,Les Petits Regentesselaan,56,Nee,01/01/2010,Regentesselaan 40 ,2015BZ,HAARLEM,4.6189873,52.3879797,Les Petits Kinderdagverblijven BV,41225223,BV,Donkerelaan 68 ,2061JP,Bloemendaal,Julianalaan 2A ,2051JR,OVERVEEN,,023-5318274',,,http://www.landelijkregisterkinderopvang.nl/pp/inzien/houder/NHRVestiging/GegevensHouder.jsf?selectedResultId=2786&currentPage=0,Les Petits Kinderdagverblijven BV,01/01/2005,http://www.landelijkregisterkinderopvang.nl/pp/inzien/Oko/Kdv/GegevensOKO.jsf?selectedResultId=23520
171494040,2015,groen,Les Petits Regentesselaan,56,Nee,01/01/2010,Regentesselaan 40 ,2015BZ,HAARLEM,4.6189873,52.3879797,Les Petits Kinderdagverblijven BV,41225223,BV,Donkerelaan 68 ,2061JP,Bloemendaal,Julianalaan 2A ,2051JR,OVERVEEN,,023-5318274',,,http://www.landelijkregisterkinderopvang.nl/pp/inzien/houder/NHRVestiging/GegevensHouder.jsf?selectedResultId=2786&currentPage=0,Les Petits Kinderdagverblijven BV,01/01/2005,http://www.landelijkregisterkinderopvang.nl/pp/inzien/Oko/Kdv/GegevensOKO.jsf?selectedResultId=23520
189443406,2013,geel,Meander,60,Nee,01/01/2010,Timorstraat 38 ,2022RG,HAARLEM,4.6463073,52.4004036,Stichting Kinderopvang Haarlem,41225313,Stichting,Cornelis van Noordestraat 15 ,2033EC,HAARLEM,Timorstraat 38 ,2022RG,HAARLEM,,023-5262283',meander@kinderopvanghaarlem.nl,http://www.kinderopvanghaarlem.nl,http://www.landelijkregisterkinderopvang.nl/pp/inzien/houder/NHRVestiging/GegevensHouder.jsf?selectedResultId=3394&currentPage=0,Stichting Kinderopvang Haarlem,01/01/2005,http://www.landelijkregisterkinderopvang.nl/pp/inzien/Oko/Kdv/GegevensOKO.jsf?selectedResultId=23502
189443406,2014,geel,Meander,60,Nee,01/01/2010,Timorstraat 38 ,2022RG,HAARLEM,4.6463073,52.4004036,Stichting Kinderopvang Haarlem,41225313,Stichting,Cornelis van Noordestraat 15 ,2033EC,HAARLEM,Timorstraat 38 ,2022RG,HAARLEM,,023-5262283',meander@kinderopvanghaarlem.nl,http://www.kinderopvanghaarlem.nl,http://www.landelijkregisterkinderopvang.nl/pp/inzien/houder/NHRVestiging/GegevensHouder.jsf?selectedResultId=3394&currentPage=0,Stichting Kinderopvang Haarlem,01/01/2005,http://www.landelijkregisterkinderopvang.nl/pp/inzien/Oko/Kdv/GegevensOKO.jsf?selectedResultId=23502
189443406,2015,groen,Meander,60,Nee,01/01/2010,Timorstraat 38 ,2022RG,HAARLEM,4.6463073,52.4004036,Stichting Kinderopvang Haarlem,41225313,Stichting,Cornelis van Noordestraat 15 ,2033EC,HAARLEM,Timorstraat 38 ,2022RG,HAARLEM,,023-5262283',meander@kinderopvanghaarlem.nl,http://www.kinderopvanghaarlem.nl,http://www.landelijkregisterkinderopvang.nl/pp/inzien/houder/NHRVestiging/GegevensHouder.jsf?selectedResultId=3394&currentPage=0,Stichting Kinderopvang Haarlem,01/01/2005,http://www.landelijkregisterkinderopvang.nl/pp/inzien/Oko/Kdv/GegevensOKO.jsf?selectedResultId=23502
102803778,2013,geel,Neuzen-Neuzen,96,Nee,01/01/2010,A. Hofmanweg 5A ,2031BH,HAARLEM,4.6673301,52.391039,Smallsteps B.V.,60901934,BV,Postbus 586,7550AN,Hengelo,A. Hofmanweg 5A ,2031BH,HAARLEM,,023-5516238',,,http://www.landelijkregisterkinderopvang.nl/pp/inzien/houder/NHRVestiging/GegevensHouder.jsf?selectedResultId=14441&currentPage=0,Smallsteps B.V.,08/08/2014,http://www.landelijkregisterkinderopvang.nl/pp/inzien/Oko/Kdv/GegevensOKO.jsf?selectedResultId=23491
102803778,2015,geel,Neuzen-Neuzen,96,Nee,01/01/2010,A. Hofmanweg 5A ,2031BH,HAARLEM,4.6673301,52.391039,Smallsteps B.V.,60901934,BV,Postbus 586,7550AN,Hengelo,A. Hofmanweg 5A ,2031BH,HAARLEM,,023-5516238',,,http://www.landelijkregisterkinderopvang.nl/pp/inzien/houder/NHRVestiging/GegevensHouder.jsf?selectedResultId=14441&currentPage=0,Smallsteps B.V.,08/08/2014,http://www.landelijkregisterkinderopvang.nl/pp/inzien/Oko/Kdv/GegevensOKO.jsf?selectedResultId=23491
102803778,2014,groen,Neuzen-Neuzen,96,Nee,01/01/2010,A. Hofmanweg 5A ,2031BH,HAARLEM,4.6673301,52.391039,Smallsteps B.V.,60901934,BV,Postbus 586,7550AN,Hengelo,A. Hofmanweg 5A ,2031BH,HAARLEM,,023-5516238',,,http://www.landelijkregisterkinderopvang.nl/pp/inzien/houder/NHRVestiging/GegevensHouder.jsf?selectedResultId=14441&currentPage=0,Smallsteps B.V.,08/08/2014,http://www.landelijkregisterkinderopvang.nl/pp/inzien/Oko/Kdv/GegevensOKO.jsf?selectedResultId=23491
364191302,2013,geel,Partou KDV Alexander Flemingstraat 24,40,Nee,01/01/2010,Alexander Flemingstraat 24 ,2035ED,HAARLEM,4.6590323,52.3628028,Partou B.V.,30225440,BV,Postbus 396,4130EJ,VIANEN UT,,,,Secretariaat,088-2357550',info@partou.nl,,http://www.landelijkregisterkinderopvang.nl/pp/inzien/houder/NHRVestiging/GegevensHouder.jsf?selectedResultId=1136&currentPage=0,Partou B.V.,06/24/2008,http://www.landelijkregisterkinderopvang.nl/pp/inzien/Oko/Kdv/GegevensOKO.jsf?selectedResultId=23628
481841179,2014,groen,Pepijn,48,Nee,01/01/2010,Van Wickevoort Crommelinstraat 26 ,2024EM,HAARLEM,4.6475099,52.4068548,Stichting Kinderopvang Haarlem,41225313,Stichting,Cornelis van Noordestraat 15 ,2033EC,HAARLEM,Van Wickevoort Crommelinstraat 26 ,2024EM,HAARLEM,,023-5356967',pepijn@kinderopvanghaarlem.nl,http://www.kinderopvanghaarlem.nl,http://www.landelijkregisterkinderopvang.nl/pp/inzien/houder/NHRVestiging/GegevensHouder.jsf?selectedResultId=3394&currentPage=0,Stichting Kinderopvang Haarlem,01/01/2005,http://www.landelijkregisterkinderopvang.nl/pp/inzien/Oko/Kdv/GegevensOKO.jsf?selectedResultId=23504
481841179,2015,groen,Pepijn,48,Nee,01/01/2010,Van Wickevoort Crommelinstraat 26 ,2024EM,HAARLEM,4.6475099,52.4068548,Stichting Kinderopvang Haarlem,41225313,Stichting,Cornelis van Noordestraat 15 ,2033EC,HAARLEM,Van Wickevoort Crommelinstraat 26 ,2024EM,HAARLEM,,023-5356967',pepijn@kinderopvanghaarlem.nl,http://www.kinderopvanghaarlem.nl,http://www.landelijkregisterkinderopvang.nl/pp/inzien/houder/NHRVestiging/GegevensHouder.jsf?selectedResultId=3394&currentPage=0,Stichting Kinderopvang Haarlem,01/01/2005,http://www.landelijkregisterkinderopvang.nl/pp/inzien/Oko/Kdv/GegevensOKO.jsf?selectedResultId=23504
134670449,2014,groen,Pimpernel,37,Nee,01/01/2010,Tempeliersstraat 12 ,2012ED,HAARLEM,4.6260796,52.3757914,Stichting Kinderopvang Haarlem,41225313,Stichting,Cornelis van Noordestraat 15 ,2033EC,HAARLEM,Tempeliersstraat 12 ,2012ED,HAARLEM,,023-5323185',pipoka@kinderopvanhaarlem.nl,http://www.kinderopvanghaarlem.nl,http://www.landelijkregisterkinderopvang.nl/pp/inzien/houder/NHRVestiging/GegevensHouder.jsf?selectedResultId=3394&currentPage=0,Stichting Kinderopvang Haarlem,07/07/2008,http://www.landelijkregisterkinderopvang.nl/pp/inzien/Oko/Kdv/GegevensOKO.jsf?selectedResultId=23522
134670449,2015,groen,Pimpernel,37,Nee,01/01/2010,Tempeliersstraat 12 ,2012ED,HAARLEM,4.6260796,52.3757914,Stichting Kinderopvang Haarlem,41225313,Stichting,Cornelis van Noordestraat 15 ,2033EC,HAARLEM,Tempeliersstraat 12 ,2012ED,HAARLEM,,023-5323185',pipoka@kinderopvanhaarlem.nl,http://www.kinderopvanghaarlem.nl,http://www.landelijkregisterkinderopvang.nl/pp/inzien/houder/NHRVestiging/GegevensHouder.jsf?selectedResultId=3394&currentPage=0,Stichting Kinderopvang Haarlem,07/07/2008,http://www.landelijkregisterkinderopvang.nl/pp/inzien/Oko/Kdv/GegevensOKO.jsf?selectedResultId=23522
208719799,2014,geel,Pipoka,56,Nee,01/01/2010,Tempeliersstraat 1 ,2012EA,HAARLEM,4.6252818,52.3760619,Stichting Kinderopvang Haarlem,41225313,Stichting,Cornelis van Noordestraat 15 ,2033EC,HAARLEM,Tempeliersstraat 1 ,2012EA,HAARLEM,,023-5320310',pipoka@kinderopvanghaarlem.nl,http://www.kinderopvanghaarlem.nl,http://www.landelijkregisterkinderopvang.nl/pp/inzien/houder/NHRVestiging/GegevensHouder.jsf?selectedResultId=3394&currentPage=0,Stichting Kinderopvang Haarlem,01/01/2005,http://www.landelijkregisterkinderopvang.nl/pp/inzien/Oko/Kdv/GegevensOKO.jsf?selectedResultId=23525
208719799,2013,groen,Pipoka,56,Nee,01/01/2010,Tempeliersstraat 1 ,2012EA,HAARLEM,4.6252818,52.3760619,Stichting Kinderopvang Haarlem,41225313,Stichting,Cornelis van Noordestraat 15 ,2033EC,HAARLEM,Tempeliersstraat 1 ,2012EA,HAARLEM,,023-5320310',pipoka@kinderopvanghaarlem.nl,http://www.kinderopvanghaarlem.nl,http://www.landelijkregisterkinderopvang.nl/pp/inzien/houder/NHRVestiging/GegevensHouder.jsf?selectedResultId=3394&currentPage=0,Stichting Kinderopvang Haarlem,01/01/2005,http://www.landelijkregisterkinderopvang.nl/pp/inzien/Oko/Kdv/GegevensOKO.jsf?selectedResultId=23525
208719799,2014,groen,Pipoka,56,Nee,01/01/2010,Tempeliersstraat 1 ,2012EA,HAARLEM,4.6252818,52.3760619,Stichting Kinderopvang Haarlem,41225313,Stichting,Cornelis van Noordestraat 15 ,2033EC,HAARLEM,Tempeliersstraat 1 ,2012EA,HAARLEM,,023-5320310',pipoka@kinderopvanghaarlem.nl,http://www.kinderopvanghaarlem.nl,http://www.landelijkregisterkinderopvang.nl/pp/inzien/houder/NHRVestiging/GegevensHouder.jsf?selectedResultId=3394&currentPage=0,Stichting Kinderopvang Haarlem,01/01/2005,http://www.landelijkregisterkinderopvang.nl/pp/inzien/Oko/Kdv/GegevensOKO.jsf?selectedResultId=23525
208719799,2015,groen,Pipoka,56,Nee,01/01/2010,Tempeliersstraat 1 ,2012EA,HAARLEM,4.6252818,52.3760619,Stichting Kinderopvang Haarlem,41225313,Stichting,Cornelis van Noordestraat 15 ,2033EC,HAARLEM,Tempeliersstraat 1 ,2012EA,HAARLEM,,023-5320310',pipoka@kinderopvanghaarlem.nl,http://www.kinderopvanghaarlem.nl,http://www.landelijkregisterkinderopvang.nl/pp/inzien/houder/NHRVestiging/GegevensHouder.jsf?selectedResultId=3394&currentPage=0,Stichting Kinderopvang Haarlem,01/01/2005,http://www.landelijkregisterkinderopvang.nl/pp/inzien/Oko/Kdv/GegevensOKO.jsf?selectedResultId=23525
560406563,2013,geel,Rozentuin,72,Nee,01/01/2010,Ramplaan 108a ,2015GZ,HAARLEM,4.6023357,52.3809661,Stichting Kinderopvang Haarlem,41225313,Stichting,Cornelis van Noordestraat 15 ,2033EC,HAARLEM,Ramplaan 108a ,2015GZ,HAARLEM,,023-5248631',rozentuin@kinderopvanghaarlem.nl,http://www.kinderopvanghaarlem.nl,http://www.landelijkregisterkinderopvang.nl/pp/inzien/houder/NHRVestiging/GegevensHouder.jsf?selectedResultId=3394&currentPage=0,Stichting Kinderopvang Haarlem,01/01/2005,http://www.landelijkregisterkinderopvang.nl/pp/inzien/Oko/Kdv/GegevensOKO.jsf?selectedResultId=23507
560406563,2014,groen,Rozentuin,72,Nee,01/01/2010,Ramplaan 108a ,2015GZ,HAARLEM,4.6023357,52.3809661,Stichting Kinderopvang Haarlem,41225313,Stichting,Cornelis van Noordestraat 15 ,2033EC,HAARLEM,Ramplaan 108a ,2015GZ,HAARLEM,,023-5248631',rozentuin@kinderopvanghaarlem.nl,http://www.kinderopvanghaarlem.nl,http://www.landelijkregisterkinderopvang.nl/pp/inzien/houder/NHRVestiging/GegevensHouder.jsf?selectedResultId=3394&currentPage=0,Stichting Kinderopvang Haarlem,01/01/2005,http://www.landelijkregisterkinderopvang.nl/pp/inzien/Oko/Kdv/GegevensOKO.jsf?selectedResultId=23507
560406563,2015,groen,Rozentuin,72,Nee,01/01/2010,Ramplaan 108a ,2015GZ,HAARLEM,4.6023357,52.3809661,Stichting Kinderopvang Haarlem,41225313,Stichting,Cornelis van Noordestraat 15 ,2033EC,HAARLEM,Ramplaan 108a ,2015GZ,HAARLEM,,023-5248631',rozentuin@kinderopvanghaarlem.nl,http://www.kinderopvanghaarlem.nl,http://www.landelijkregisterkinderopvang.nl/pp/inzien/houder/NHRVestiging/GegevensHouder.jsf?selectedResultId=3394&currentPage=0,Stichting Kinderopvang Haarlem,01/01/2005,http://www.landelijkregisterkinderopvang.nl/pp/inzien/Oko/Kdv/GegevensOKO.jsf?selectedResultId=23507
220188452,2014,geel,t Lieveheersbeestje,47,Nee,01/01/2010,Jan Sluyterslaan 2 ,2033TM,HAARLEM,4.6632177,52.3773361,Stichting Kinderopvang Haarlem,41225313,Stichting,Cornelis van Noordestraat 15 ,2033EC,HAARLEM,Jan Sluyterslaan 2 ,2033TM,HAARLEM,,023-5355255',lhb@kinderopvanghaarlem.nl,http://www.kinderopvanghaarlem.nl,http://www.landelijkregisterkinderopvang.nl/pp/inzien/houder/NHRVestiging/GegevensHouder.jsf?selectedResultId=3394&currentPage=0,Stichting Kinderopvang Haarlem,01/01/2005,http://www.landelijkregisterkinderopvang.nl/pp/inzien/Oko/Kdv/GegevensOKO.jsf?selectedResultId=23493
220188452,2015,groen,t Lieveheersbeestje,47,Nee,01/01/2010,Jan Sluyterslaan 2 ,2033TM,HAARLEM,4.6632177,52.3773361,Stichting Kinderopvang Haarlem,41225313,Stichting,Cornelis van Noordestraat 15 ,2033EC,HAARLEM,Jan Sluyterslaan 2 ,2033TM,HAARLEM,,023-5355255',lhb@kinderopvanghaarlem.nl,http://www.kinderopvanghaarlem.nl,http://www.landelijkregisterkinderopvang.nl/pp/inzien/houder/NHRVestiging/GegevensHouder.jsf?selectedResultId=3394&currentPage=0,Stichting Kinderopvang Haarlem,01/01/2005,http://www.landelijkregisterkinderopvang.nl/pp/inzien/Oko/Kdv/GegevensOKO.jsf?selectedResultId=23493
112176070,2014,geel,Kinderdagverblijf De Glimlach,16,Nee,01/01/2010,Eksterlaan 84 86,2026XJ,HAARLEM,4.6520956,52.4157013,Hokey Pokey B.V. ,34366386,BV,Engels Gras 1 ,1991JW,VELSERBROEK,Eksterlaan 84 86,2026XJ,HAARLEM,Mevr. P. Oosterling - Vink,023-5389012',info@deglimlach.com,,http://www.landelijkregisterkinderopvang.nl/pp/inzien/houder/NHRVestiging/GegevensHouder.jsf?selectedResultId=3426&currentPage=0,Hokey Pokey B.V.,11/30/2009,http://www.landelijkregisterkinderopvang.nl/pp/inzien/Oko/Kdv/GegevensOKO.jsf?selectedResultId=23517
112176070,2015,geel,Kinderdagverblijf De Glimlach,16,Nee,01/01/2010,Eksterlaan 84 86,2026XJ,HAARLEM,4.6520956,52.4157013,Hokey Pokey B.V. ,34366386,BV,Engels Gras 1 ,1991JW,VELSERBROEK,Eksterlaan 84 86,2026XJ,HAARLEM,Mevr. P. Oosterling - Vink,023-5389012',info@deglimlach.com,,http://www.landelijkregisterkinderopvang.nl/pp/inzien/houder/NHRVestiging/GegevensHouder.jsf?selectedResultId=3426&currentPage=0,Hokey Pokey B.V.,11/30/2009,http://www.landelijkregisterkinderopvang.nl/pp/inzien/Oko/Kdv/GegevensOKO.jsf?selectedResultId=23517
910228565,2014,groen,Kindergarden Koningin Wilheminalaan,82,Nee,01/01/2010,Koningin Wilhelminalaan 12 ,2012JK,HAARLEM,4.6267993,52.3696327,Kindergarden Nederland B.V,33303797,BV,Herengracht 244 ,1016BT,AMSTERDAM,Herengracht 244 ,1016BT,AMSTERDAM,Mw. H. de Haan,020-4235422',info@kindergarden.nl,http://www.kindergarden.nl,http://www.landelijkregisterkinderopvang.nl/pp/inzien/houder/NHRVestiging/GegevensHouder.jsf?selectedResultId=2127&currentPage=0,Kindergarden Nederland B.V,10/01/2008,http://www.landelijkregisterkinderopvang.nl/pp/inzien/Oko/Kdv/GegevensOKO.jsf?selectedResultId=23668
910228565,2015,groen,Kindergarden Koningin Wilheminalaan,82,Nee,01/01/2010,Koningin Wilhelminalaan 12 ,2012JK,HAARLEM,4.6267993,52.3696327,Kindergarden Nederland B.V,33303797,BV,Herengracht 244 ,1016BT,AMSTERDAM,Herengracht 244 ,1016BT,AMSTERDAM,Mw. H. de Haan,020-4235422',info@kindergarden.nl,http://www.kindergarden.nl,http://www.landelijkregisterkinderopvang.nl/pp/inzien/houder/NHRVestiging/GegevensHouder.jsf?selectedResultId=2127&currentPage=0,Kindergarden Nederland B.V,10/01/2008,http://www.landelijkregisterkinderopvang.nl/pp/inzien/Oko/Kdv/GegevensOKO.jsf?selectedResultId=23668
364191302,2014,groen,Partou KDV Alexander Flemingstraat 24,40,Nee,01/01/2010,Alexander Flemingstraat 24 ,2035ED,HAARLEM,4.6590323,52.3628028,Partou B.V.,30225440,BV,Postbus 396,4130EJ,VIANEN UT,,,,Secretariaat,088-2357550',info@partou.nl,,http://www.landelijkregisterkinderopvang.nl/pp/inzien/houder/NHRVestiging/GegevensHouder.jsf?selectedResultId=1136&currentPage=0,Partou B.V.,06/24/2008,http://www.landelijkregisterkinderopvang.nl/pp/inzien/Oko/Kdv/GegevensOKO.jsf?selectedResultId=23628
364191302,2015,groen,Partou KDV Alexander Flemingstraat 24,40,Nee,01/01/2010,Alexander Flemingstraat 24 ,2035ED,HAARLEM,4.6590323,52.3628028,Partou B.V.,30225440,BV,Postbus 396,4130EJ,VIANEN UT,,,,Secretariaat,088-2357550',info@partou.nl,,http://www.landelijkregisterkinderopvang.nl/pp/inzien/houder/NHRVestiging/GegevensHouder.jsf?selectedResultId=1136&currentPage=0,Partou B.V.,06/24/2008,http://www.landelijkregisterkinderopvang.nl/pp/inzien/Oko/Kdv/GegevensOKO.jsf?selectedResultId=23628
