collection_time,source_url,rwt,ministerie,ministerie_onderdeel,laatst_bijgewerkt
07/09/2016 0:24:36,http://www.rekenkamer.nl/Publicaties/Dossiers/B/Bestuur_op_afstand/Overzicht_met_rechtspersonen_met_een_wettelijke_taak_RWT#internelink,Bureau Architectenregister,Binnenlandse Zaken en Koninkrijksrelaties (BZK),,04/09/15
07/09/2016 0:24:36,http://www.rekenkamer.nl/Publicaties/Dossiers/B/Bestuur_op_afstand/Overzicht_met_rechtspersonen_met_een_wettelijke_taak_RWT#internelink,Stichting Administratie Indonesische Pensioenen (SAIP),Binnenlandse Zaken en Koninkrijksrelaties (BZK),,04/09/15
07/09/2016 0:24:36,http://www.rekenkamer.nl/Publicaties/Dossiers/B/Bestuur_op_afstand/Overzicht_met_rechtspersonen_met_een_wettelijke_taak_RWT#internelink,Stichting Waarborgfonds Sociale Woningbouw (WSW),Binnenlandse Zaken en Koninkrijksrelaties (BZK),,04/09/15
07/09/2016 0:24:36,http://www.rekenkamer.nl/Publicaties/Dossiers/B/Bestuur_op_afstand/Overzicht_met_rechtspersonen_met_een_wettelijke_taak_RWT#internelink,FMO,Buitenlandse Zaken (BZ),,04/09/15
07/09/2016 0:24:36,http://www.rekenkamer.nl/Publicaties/Dossiers/B/Bestuur_op_afstand/Overzicht_met_rechtspersonen_met_een_wettelijke_taak_RWT#internelink,Stichting Defensiemusea (SDM),Defensie,,04/09/15
07/09/2016 0:24:36,http://www.rekenkamer.nl/Publicaties/Dossiers/B/Bestuur_op_afstand/Overzicht_met_rechtspersonen_met_een_wettelijke_taak_RWT#internelink,Stichting Wetenschappelijk onderwijs en onderzoek NLDA (SWOON),Defensie,,04/09/15
07/09/2016 0:24:36,http://www.rekenkamer.nl/Publicaties/Dossiers/B/Bestuur_op_afstand/Overzicht_met_rechtspersonen_met_een_wettelijke_taak_RWT#internelink,Stichting Ziektekostenverzekering Krijgsmacht (SZVK),Defensie,,04/09/15
07/09/2016 0:24:36,http://www.rekenkamer.nl/Publicaties/Dossiers/B/Bestuur_op_afstand/Overzicht_met_rechtspersonen_met_een_wettelijke_taak_RWT#internelink,Wageningen UR,Economische Zaken,Groene onderwijsinstellingen,04/09/15
07/09/2016 0:24:36,http://www.rekenkamer.nl/Publicaties/Dossiers/B/Bestuur_op_afstand/Overzicht_met_rechtspersonen_met_een_wettelijke_taak_RWT#internelink,Hogere agrarische onderwijsinstellingen (cluster),Economische Zaken,Groene onderwijsinstellingen,04/09/15
07/09/2016 0:24:36,http://www.rekenkamer.nl/Publicaties/Dossiers/B/Bestuur_op_afstand/Overzicht_met_rechtspersonen_met_een_wettelijke_taak_RWT#internelink,Agrarische opleidingscentra (cluster),Economische Zaken,Groene onderwijsinstellingen,04/09/15
07/09/2016 0:24:36,http://www.rekenkamer.nl/Publicaties/Dossiers/B/Bestuur_op_afstand/Overzicht_met_rechtspersonen_met_een_wettelijke_taak_RWT#internelink,Stichting Bloembollenkeuringsdienst (BKD),Economische Zaken,Keurings- en controle-instellingen,04/09/15
07/09/2016 0:24:36,http://www.rekenkamer.nl/Publicaties/Dossiers/B/Bestuur_op_afstand/Overzicht_met_rechtspersonen_met_een_wettelijke_taak_RWT#internelink,Stichting Centraal Orgaan voor Kwaliteitsaangelegenheden in de Zuivel (COKZ),Economische Zaken,Keurings- en controle-instellingen,04/09/15
07/09/2016 0:24:36,http://www.rekenkamer.nl/Publicaties/Dossiers/B/Bestuur_op_afstand/Overzicht_met_rechtspersonen_met_een_wettelijke_taak_RWT#internelink,Stichting Kwaliteits-Controle-Bureau (KCB),Economische Zaken,Keurings- en controle-instellingen,04/09/15
07/09/2016 0:24:36,http://www.rekenkamer.nl/Publicaties/Dossiers/B/Bestuur_op_afstand/Overzicht_met_rechtspersonen_met_een_wettelijke_taak_RWT#internelink,Stichting NAK (Nederlandse Algemene Keuringsdiensten voor zaaizaad en pootgoed van landbouwgewassen),Economische Zaken,Keurings- en controle-instellingen,04/09/15
07/09/2016 0:24:36,http://www.rekenkamer.nl/Publicaties/Dossiers/B/Bestuur_op_afstand/Overzicht_met_rechtspersonen_met_een_wettelijke_taak_RWT#internelink,Stichting Nederlandse Algemene Kwaliteitsdienst Tuinbouw (NAKTuinbouw),Economische Zaken,Keurings- en controle-instellingen,04/09/15
07/09/2016 0:24:36,http://www.rekenkamer.nl/Publicaties/Dossiers/B/Bestuur_op_afstand/Overzicht_met_rechtspersonen_met_een_wettelijke_taak_RWT#internelink,Skal (Stichting Keur Alternatief voortgebrachte Landbouwproducten),Economische Zaken,Keurings- en controle-instellingen,04/09/15
07/09/2016 0:24:36,http://www.rekenkamer.nl/Publicaties/Dossiers/B/Bestuur_op_afstand/Overzicht_met_rechtspersonen_met_een_wettelijke_taak_RWT#internelink,Edelmetaal Waarborg Nederland (EWN),Economische Zaken,Waarborginstellingen (cluster),04/09/15
07/09/2016 0:24:36,http://www.rekenkamer.nl/Publicaties/Dossiers/B/Bestuur_op_afstand/Overzicht_met_rechtspersonen_met_een_wettelijke_taak_RWT#internelink,"Waarborg Holland, handelsnaam voor Waarborg Platina, Goud en Zilver N.V. (WH)",Economische Zaken,Waarborginstellingen (cluster),04/09/15
07/09/2016 0:24:36,http://www.rekenkamer.nl/Publicaties/Dossiers/B/Bestuur_op_afstand/Overzicht_met_rechtspersonen_met_een_wettelijke_taak_RWT#internelink,Bureau Beheer Landbouwgronden (BBL),Economische Zaken,,04/09/15
07/09/2016 0:24:36,http://www.rekenkamer.nl/Publicaties/Dossiers/B/Bestuur_op_afstand/Overzicht_met_rechtspersonen_met_een_wettelijke_taak_RWT#internelink,Bureau Erkenningen (van de AOC Raad),Economische Zaken,,04/09/15
07/09/2016 0:24:36,http://www.rekenkamer.nl/Publicaties/Dossiers/B/Bestuur_op_afstand/Overzicht_met_rechtspersonen_met_een_wettelijke_taak_RWT#internelink,Centraal Bureau voor de Statistiek (CBS),Economische Zaken,,04/09/15
07/09/2016 0:24:36,http://www.rekenkamer.nl/Publicaties/Dossiers/B/Bestuur_op_afstand/Overzicht_met_rechtspersonen_met_een_wettelijke_taak_RWT#internelink,Centraal Orgaan Voorraadvorming Aardolieproducten (COVA),Economische Zaken,,04/09/15
07/09/2016 0:24:36,http://www.rekenkamer.nl/Publicaties/Dossiers/B/Bestuur_op_afstand/Overzicht_met_rechtspersonen_met_een_wettelijke_taak_RWT#internelink,College voor de Toelating van gewasbeschermingsmiddelen en biociden (Ctgb),Economische Zaken,,04/09/15
07/09/2016 0:24:36,http://www.rekenkamer.nl/Publicaties/Dossiers/B/Bestuur_op_afstand/Overzicht_met_rechtspersonen_met_een_wettelijke_taak_RWT#internelink,Examinerende instanties zoals bedoeld in art. 19 van de Examenregeling frequentiegebruik 2008 (cluster),Economische Zaken,,04/09/15
07/09/2016 0:24:36,http://www.rekenkamer.nl/Publicaties/Dossiers/B/Bestuur_op_afstand/Overzicht_met_rechtspersonen_met_een_wettelijke_taak_RWT#internelink,Faunafonds,Economische Zaken,,04/09/15
07/09/2016 0:24:36,http://www.rekenkamer.nl/Publicaties/Dossiers/B/Bestuur_op_afstand/Overzicht_met_rechtspersonen_met_een_wettelijke_taak_RWT#internelink,Kamer van Koophandel,Economische Zaken,,04/09/15
07/09/2016 0:24:36,http://www.rekenkamer.nl/Publicaties/Dossiers/B/Bestuur_op_afstand/Overzicht_met_rechtspersonen_met_een_wettelijke_taak_RWT#internelink,Nederlandse organisatie voor Toegepast Natuurwetenschappelijk Onderzoek (TNO),Economische Zaken,,04/09/15
07/09/2016 0:24:36,http://www.rekenkamer.nl/Publicaties/Dossiers/B/Bestuur_op_afstand/Overzicht_met_rechtspersonen_met_een_wettelijke_taak_RWT#internelink,Raad voor de Accreditatie (RvA),Economische Zaken,,04/09/15
07/09/2016 0:24:36,http://www.rekenkamer.nl/Publicaties/Dossiers/B/Bestuur_op_afstand/Overzicht_met_rechtspersonen_met_een_wettelijke_taak_RWT#internelink,Rendac BV,Economische Zaken,,04/09/15
07/09/2016 0:24:36,http://www.rekenkamer.nl/Publicaties/Dossiers/B/Bestuur_op_afstand/Overzicht_met_rechtspersonen_met_een_wettelijke_taak_RWT#internelink,Staatsbosbeheer (SBB),Economische Zaken,,04/09/15
07/09/2016 0:24:36,http://www.rekenkamer.nl/Publicaties/Dossiers/B/Bestuur_op_afstand/Overzicht_met_rechtspersonen_met_een_wettelijke_taak_RWT#internelink,Stichting Dienst Landbouwkundig Onderzoek (DLO),Economische Zaken,,04/09/15
07/09/2016 0:24:36,http://www.rekenkamer.nl/Publicaties/Dossiers/B/Bestuur_op_afstand/Overzicht_met_rechtspersonen_met_een_wettelijke_taak_RWT#internelink,VSL,Economische Zaken,,04/09/15
07/09/2016 0:24:36,http://www.rekenkamer.nl/Publicaties/Dossiers/B/Bestuur_op_afstand/Overzicht_met_rechtspersonen_met_een_wettelijke_taak_RWT#internelink,Autoriteit Financiële Markten (AFM),Financiën,,04/09/15
07/09/2016 0:24:36,http://www.rekenkamer.nl/Publicaties/Dossiers/B/Bestuur_op_afstand/Overzicht_met_rechtspersonen_met_een_wettelijke_taak_RWT#internelink,De Nederlandsche Bank NV (DNB),Financiën,,04/09/15
07/09/2016 0:24:36,http://www.rekenkamer.nl/Publicaties/Dossiers/B/Bestuur_op_afstand/Overzicht_met_rechtspersonen_met_een_wettelijke_taak_RWT#internelink,Nederlands Bureau der Motorrijtuigverzekeraars,Financiën,,04/09/15
07/09/2016 0:24:36,http://www.rekenkamer.nl/Publicaties/Dossiers/B/Bestuur_op_afstand/Overzicht_met_rechtspersonen_met_een_wettelijke_taak_RWT#internelink,Stichting Administratie Kantoor Financiële Instellingen (NLFI),Financiën,,04/09/15
07/09/2016 0:24:36,http://www.rekenkamer.nl/Publicaties/Dossiers/B/Bestuur_op_afstand/Overzicht_met_rechtspersonen_met_een_wettelijke_taak_RWT#internelink,Stichting Waarborgfonds Motorverkeer (WM),Financiën,,04/09/15
07/09/2016 0:24:36,http://www.rekenkamer.nl/Publicaties/Dossiers/B/Bestuur_op_afstand/Overzicht_met_rechtspersonen_met_een_wettelijke_taak_RWT#internelink,Waarderingskamer,Financiën,,04/09/15
07/09/2016 0:24:36,http://www.rekenkamer.nl/Publicaties/Dossiers/B/Bestuur_op_afstand/Overzicht_met_rechtspersonen_met_een_wettelijke_taak_RWT#internelink,Centraal Bureau Rijvaardigheidsbewijzen (CBR),Infrastructuur en Milieu (IenM),,04/09/15
07/09/2016 0:24:36,http://www.rekenkamer.nl/Publicaties/Dossiers/B/Bestuur_op_afstand/Overzicht_met_rechtspersonen_met_een_wettelijke_taak_RWT#internelink,Commissie Milieueffectrapportage (Commissie MER),Infrastructuur en Milieu (IenM),,04/09/15
07/09/2016 0:24:36,http://www.rekenkamer.nl/Publicaties/Dossiers/B/Bestuur_op_afstand/Overzicht_met_rechtspersonen_met_een_wettelijke_taak_RWT#internelink,Dienst voor het Kadaster en de openbare registers (Kadaster),Infrastructuur en Milieu (IenM),,04/09/15
07/09/2016 0:24:36,http://www.rekenkamer.nl/Publicaties/Dossiers/B/Bestuur_op_afstand/Overzicht_met_rechtspersonen_met_een_wettelijke_taak_RWT#internelink,Havenbedrijf Amsterdam NV / Rijkshavenmeester,Infrastructuur en Milieu (IenM),,04/09/15
07/09/2016 0:24:36,http://www.rekenkamer.nl/Publicaties/Dossiers/B/Bestuur_op_afstand/Overzicht_met_rechtspersonen_met_een_wettelijke_taak_RWT#internelink,Havenbedrijf Rotterdam NV / Rijkshavenmeester,Infrastructuur en Milieu (IenM),,04/09/15
07/09/2016 0:24:36,http://www.rekenkamer.nl/Publicaties/Dossiers/B/Bestuur_op_afstand/Overzicht_met_rechtspersonen_met_een_wettelijke_taak_RWT#internelink,HISWA-vereniging,Infrastructuur en Milieu (IenM),,04/09/15
07/09/2016 0:24:36,http://www.rekenkamer.nl/Publicaties/Dossiers/B/Bestuur_op_afstand/Overzicht_met_rechtspersonen_met_een_wettelijke_taak_RWT#internelink,Innovam Branche Kwalificatie Instituut van de stichting VAM (IBKI),Infrastructuur en Milieu (IenM),,04/09/15
07/09/2016 0:24:36,http://www.rekenkamer.nl/Publicaties/Dossiers/B/Bestuur_op_afstand/Overzicht_met_rechtspersonen_met_een_wettelijke_taak_RWT#internelink,Kiwa Register BV,Infrastructuur en Milieu (IenM),,04/09/15
07/09/2016 0:24:36,http://www.rekenkamer.nl/Publicaties/Dossiers/B/Bestuur_op_afstand/Overzicht_met_rechtspersonen_met_een_wettelijke_taak_RWT#internelink,Klassebureaus als bedoeld in art. 6 Schepenwet en art. 6 en 3.1 Schepenbesluit 1965,Infrastructuur en Milieu (IenM),,04/09/15
07/09/2016 0:24:36,http://www.rekenkamer.nl/Publicaties/Dossiers/B/Bestuur_op_afstand/Overzicht_met_rechtspersonen_met_een_wettelijke_taak_RWT#internelink,Loodswezen (Nederlands Loodswezen BV en drie regionale loodsencorporaties – RLC’s),Infrastructuur en Milieu (IenM),,04/09/15
07/09/2016 0:24:36,http://www.rekenkamer.nl/Publicaties/Dossiers/B/Bestuur_op_afstand/Overzicht_met_rechtspersonen_met_een_wettelijke_taak_RWT#internelink,Luchtverkeersleiding Nederland (LVNL),Infrastructuur en Milieu (IenM),,04/09/15
07/09/2016 0:24:36,http://www.rekenkamer.nl/Publicaties/Dossiers/B/Bestuur_op_afstand/Overzicht_met_rechtspersonen_met_een_wettelijke_taak_RWT#internelink,Prorail BV,Infrastructuur en Milieu (IenM),,04/09/15
07/09/2016 0:24:36,http://www.rekenkamer.nl/Publicaties/Dossiers/B/Bestuur_op_afstand/Overzicht_met_rechtspersonen_met_een_wettelijke_taak_RWT#internelink,Dienst voor het Wegverkeer (RDW),Infrastructuur en Milieu (IenM),,04/09/15
07/09/2016 0:24:36,http://www.rekenkamer.nl/Publicaties/Dossiers/B/Bestuur_op_afstand/Overzicht_met_rechtspersonen_met_een_wettelijke_taak_RWT#internelink,Stichting Advisering Bestuursrechtspraak voor Milieu en Ruimtelijke Ordening (StAB),Infrastructuur en Milieu (IenM),,04/09/15
07/09/2016 0:24:36,http://www.rekenkamer.nl/Publicaties/Dossiers/B/Bestuur_op_afstand/Overzicht_met_rechtspersonen_met_een_wettelijke_taak_RWT#internelink,Stichting Afvalstoffen & Vaardocumenten Binnenvaart (SAB),Infrastructuur en Milieu (IenM),,04/09/15
07/09/2016 0:24:36,http://www.rekenkamer.nl/Publicaties/Dossiers/B/Bestuur_op_afstand/Overzicht_met_rechtspersonen_met_een_wettelijke_taak_RWT#internelink,Stichting Buisleidingenstraat Nederland (LSNed),Infrastructuur en Milieu (IenM),,04/09/15
07/09/2016 0:24:36,http://www.rekenkamer.nl/Publicaties/Dossiers/B/Bestuur_op_afstand/Overzicht_met_rechtspersonen_met_een_wettelijke_taak_RWT#internelink,Stichting Nationale en Internationale Wegvervoer Organisatie (NIWO),Infrastructuur en Milieu (IenM),,04/09/15
07/09/2016 0:24:36,http://www.rekenkamer.nl/Publicaties/Dossiers/B/Bestuur_op_afstand/Overzicht_met_rechtspersonen_met_een_wettelijke_taak_RWT#internelink,Stichting Vaarbewijs- en Marifoon Examens (VAMEX),Infrastructuur en Milieu (IenM),,04/09/15
07/09/2016 0:24:36,http://www.rekenkamer.nl/Publicaties/Dossiers/B/Bestuur_op_afstand/Overzicht_met_rechtspersonen_met_een_wettelijke_taak_RWT#internelink,,,,04/09/15
07/09/2016 0:24:36,http://www.rekenkamer.nl/Publicaties/Dossiers/B/Bestuur_op_afstand/Overzicht_met_rechtspersonen_met_een_wettelijke_taak_RWT#internelink,Academische ziekenhuizen (cluster),"Onderwijs, Cultuur en Wetenschap (OCW)",Onderwijs en wetenschap,04/09/15
07/09/2016 0:24:36,http://www.rekenkamer.nl/Publicaties/Dossiers/B/Bestuur_op_afstand/Overzicht_met_rechtspersonen_met_een_wettelijke_taak_RWT#internelink,Bekostigde instellingen voor het primair onderwijs (PO) (cluster),"Onderwijs, Cultuur en Wetenschap (OCW)",Onderwijs en wetenschap,04/09/15
07/09/2016 0:24:36,http://www.rekenkamer.nl/Publicaties/Dossiers/B/Bestuur_op_afstand/Overzicht_met_rechtspersonen_met_een_wettelijke_taak_RWT#internelink,Bekostigde instellingen voor het voortgezet onderwijs (VO) (cluster),"Onderwijs, Cultuur en Wetenschap (OCW)",Onderwijs en wetenschap,04/09/15
07/09/2016 0:24:36,http://www.rekenkamer.nl/Publicaties/Dossiers/B/Bestuur_op_afstand/Overzicht_met_rechtspersonen_met_een_wettelijke_taak_RWT#internelink,Bekostigde instellingen voor hoger beroepsonderwijs (cluster),"Onderwijs, Cultuur en Wetenschap (OCW)",Onderwijs en wetenschap,04/09/15
07/09/2016 0:24:36,http://www.rekenkamer.nl/Publicaties/Dossiers/B/Bestuur_op_afstand/Overzicht_met_rechtspersonen_met_een_wettelijke_taak_RWT#internelink,Bekostigde instellingen voor wetenschappelijk onderwijs (cluster),"Onderwijs, Cultuur en Wetenschap (OCW)",Onderwijs en wetenschap,04/09/15
07/09/2016 0:24:36,http://www.rekenkamer.nl/Publicaties/Dossiers/B/Bestuur_op_afstand/Overzicht_met_rechtspersonen_met_een_wettelijke_taak_RWT#internelink,Kenniscentra Beroepsonderwijs en Bedrijfsleven (KBB) (cluster),"Onderwijs, Cultuur en Wetenschap (OCW)",Onderwijs en wetenschap,04/09/15
07/09/2016 0:24:36,http://www.rekenkamer.nl/Publicaties/Dossiers/B/Bestuur_op_afstand/Overzicht_met_rechtspersonen_met_een_wettelijke_taak_RWT#internelink,Koninklijke Bibliotheek (KB),"Onderwijs, Cultuur en Wetenschap (OCW)",Onderwijs en wetenschap,04/09/15
07/09/2016 0:24:36,http://www.rekenkamer.nl/Publicaties/Dossiers/B/Bestuur_op_afstand/Overzicht_met_rechtspersonen_met_een_wettelijke_taak_RWT#internelink,Koninklijke Nederlandse Academie van Wetenschappen (KNAW),"Onderwijs, Cultuur en Wetenschap (OCW)",Onderwijs en wetenschap,04/09/15
07/09/2016 0:24:36,http://www.rekenkamer.nl/Publicaties/Dossiers/B/Bestuur_op_afstand/Overzicht_met_rechtspersonen_met_een_wettelijke_taak_RWT#internelink,Nederlandse organisatie voor Wetenschappelijk Onderzoek (NWO),"Onderwijs, Cultuur en Wetenschap (OCW)",Onderwijs en wetenschap,04/09/15
07/09/2016 0:24:36,http://www.rekenkamer.nl/Publicaties/Dossiers/B/Bestuur_op_afstand/Overzicht_met_rechtspersonen_met_een_wettelijke_taak_RWT#internelink,Nederlands-Vlaamse Accreditatieorganisatie (NVAO),"Onderwijs, Cultuur en Wetenschap (OCW)",Onderwijs en wetenschap,04/09/15
07/09/2016 0:24:36,http://www.rekenkamer.nl/Publicaties/Dossiers/B/Bestuur_op_afstand/Overzicht_met_rechtspersonen_met_een_wettelijke_taak_RWT#internelink,Regionale Opleidingscentra (ROC’s) (cluster),"Onderwijs, Cultuur en Wetenschap (OCW)",Onderwijs en wetenschap,04/09/15
07/09/2016 0:24:36,http://www.rekenkamer.nl/Publicaties/Dossiers/B/Bestuur_op_afstand/Overzicht_met_rechtspersonen_met_een_wettelijke_taak_RWT#internelink,Samenwerkingsverbanden passend onderwijs in het PO (cluster),"Onderwijs, Cultuur en Wetenschap (OCW)",Onderwijs en wetenschap,04/09/15
07/09/2016 0:24:36,http://www.rekenkamer.nl/Publicaties/Dossiers/B/Bestuur_op_afstand/Overzicht_met_rechtspersonen_met_een_wettelijke_taak_RWT#internelink,Samenwerkingsverbanden passend onderwijs in het VO (cluster),"Onderwijs, Cultuur en Wetenschap (OCW)",Onderwijs en wetenschap,04/09/15
07/09/2016 0:24:36,http://www.rekenkamer.nl/Publicaties/Dossiers/B/Bestuur_op_afstand/Overzicht_met_rechtspersonen_met_een_wettelijke_taak_RWT#internelink,Stichting Cito Instituut voor Toetsontwikkeling (Stichting Cito),"Onderwijs, Cultuur en Wetenschap (OCW)",Onderwijs en wetenschap,04/09/15
07/09/2016 0:24:36,http://www.rekenkamer.nl/Publicaties/Dossiers/B/Bestuur_op_afstand/Overzicht_met_rechtspersonen_met_een_wettelijke_taak_RWT#internelink,Stichting Leerplanontwikkeling (SLO),"Onderwijs, Cultuur en Wetenschap (OCW)",Onderwijs en wetenschap,04/09/15
07/09/2016 0:24:36,http://www.rekenkamer.nl/Publicaties/Dossiers/B/Bestuur_op_afstand/Overzicht_met_rechtspersonen_met_een_wettelijke_taak_RWT#internelink,Stichting Participatiefonds,"Onderwijs, Cultuur en Wetenschap (OCW)",Onderwijs en wetenschap,04/09/15
07/09/2016 0:24:36,http://www.rekenkamer.nl/Publicaties/Dossiers/B/Bestuur_op_afstand/Overzicht_met_rechtspersonen_met_een_wettelijke_taak_RWT#internelink,Stichting Samenwerking Beroepsonderwijs Bedrijfsleven (SBB),"Onderwijs, Cultuur en Wetenschap (OCW)",Onderwijs en wetenschap,04/09/15
07/09/2016 0:24:36,http://www.rekenkamer.nl/Publicaties/Dossiers/B/Bestuur_op_afstand/Overzicht_met_rechtspersonen_met_een_wettelijke_taak_RWT#internelink,Stichting Vervangingsfonds,"Onderwijs, Cultuur en Wetenschap (OCW)",Onderwijs en wetenschap,04/09/15
07/09/2016 0:24:36,http://www.rekenkamer.nl/Publicaties/Dossiers/B/Bestuur_op_afstand/Overzicht_met_rechtspersonen_met_een_wettelijke_taak_RWT#internelink,Commissariaat voor de Media,"Onderwijs, Cultuur en Wetenschap (OCW)",Cultuur en media,04/09/15
07/09/2016 0:24:36,http://www.rekenkamer.nl/Publicaties/Dossiers/B/Bestuur_op_afstand/Overzicht_met_rechtspersonen_met_een_wettelijke_taak_RWT#internelink,Cultuurfondsen,"Onderwijs, Cultuur en Wetenschap (OCW)",Cultuur en media,04/09/15
07/09/2016 0:24:36,http://www.rekenkamer.nl/Publicaties/Dossiers/B/Bestuur_op_afstand/Overzicht_met_rechtspersonen_met_een_wettelijke_taak_RWT#internelink,Stichting Fonds voor Cultuurparticipatie,"Onderwijs, Cultuur en Wetenschap (OCW)",Cultuur en media,04/09/15
07/09/2016 0:24:36,http://www.rekenkamer.nl/Publicaties/Dossiers/B/Bestuur_op_afstand/Overzicht_met_rechtspersonen_met_een_wettelijke_taak_RWT#internelink,Stichting Mondriaan Fonds,"Onderwijs, Cultuur en Wetenschap (OCW)",Cultuur en media,04/09/15
07/09/2016 0:24:36,http://www.rekenkamer.nl/Publicaties/Dossiers/B/Bestuur_op_afstand/Overzicht_met_rechtspersonen_met_een_wettelijke_taak_RWT#internelink,Stichting Nederlands Filmfonds,"Onderwijs, Cultuur en Wetenschap (OCW)",Cultuur en media,04/09/15
07/09/2016 0:24:36,http://www.rekenkamer.nl/Publicaties/Dossiers/B/Bestuur_op_afstand/Overzicht_met_rechtspersonen_met_een_wettelijke_taak_RWT#internelink,Stichting Fonds Podiumkunsten,"Onderwijs, Cultuur en Wetenschap (OCW)",Cultuur en media,04/09/15
07/09/2016 0:24:36,http://www.rekenkamer.nl/Publicaties/Dossiers/B/Bestuur_op_afstand/Overzicht_met_rechtspersonen_met_een_wettelijke_taak_RWT#internelink,Stichting Nederlands Letterenfonds,"Onderwijs, Cultuur en Wetenschap (OCW)",Cultuur en media,04/09/15
07/09/2016 0:24:36,http://www.rekenkamer.nl/Publicaties/Dossiers/B/Bestuur_op_afstand/Overzicht_met_rechtspersonen_met_een_wettelijke_taak_RWT#internelink,Stichting Stimuleringsfonds Creatieve Industrie,"Onderwijs, Cultuur en Wetenschap (OCW)",Cultuur en media,04/09/15
07/09/2016 0:24:36,http://www.rekenkamer.nl/Publicaties/Dossiers/B/Bestuur_op_afstand/Overzicht_met_rechtspersonen_met_een_wettelijke_taak_RWT#internelink,Stichting Mediafonds,"Onderwijs, Cultuur en Wetenschap (OCW)",Cultuur en media,04/09/15
07/09/2016 0:24:36,http://www.rekenkamer.nl/Publicaties/Dossiers/B/Bestuur_op_afstand/Overzicht_met_rechtspersonen_met_een_wettelijke_taak_RWT#internelink,Stimuleringsfonds voor de Journalistiek,"Onderwijs, Cultuur en Wetenschap (OCW)",Cultuur en media,04/09/15
07/09/2016 0:24:36,http://www.rekenkamer.nl/Publicaties/Dossiers/B/Bestuur_op_afstand/Overzicht_met_rechtspersonen_met_een_wettelijke_taak_RWT#internelink,Landelijke omroeporganisaties (cluster),"Onderwijs, Cultuur en Wetenschap (OCW)",Cultuur en media,04/09/15
07/09/2016 0:24:36,http://www.rekenkamer.nl/Publicaties/Dossiers/B/Bestuur_op_afstand/Overzicht_met_rechtspersonen_met_een_wettelijke_taak_RWT#internelink,Nederlandse Omroep Stichting (NOS),"Onderwijs, Cultuur en Wetenschap (OCW)",Cultuur en media,04/09/15
07/09/2016 0:24:36,http://www.rekenkamer.nl/Publicaties/Dossiers/B/Bestuur_op_afstand/Overzicht_met_rechtspersonen_met_een_wettelijke_taak_RWT#internelink,Nederlandse Publieke Omroep (NPO),"Onderwijs, Cultuur en Wetenschap (OCW)",Cultuur en media,04/09/15
07/09/2016 0:24:36,http://www.rekenkamer.nl/Publicaties/Dossiers/B/Bestuur_op_afstand/Overzicht_met_rechtspersonen_met_een_wettelijke_taak_RWT#internelink,Regionale publieke omroepen (cluster),"Onderwijs, Cultuur en Wetenschap (OCW)",Cultuur en media,04/09/15
07/09/2016 0:24:36,http://www.rekenkamer.nl/Publicaties/Dossiers/B/Bestuur_op_afstand/Overzicht_met_rechtspersonen_met_een_wettelijke_taak_RWT#internelink,Stichting Ether Reclame (STER),"Onderwijs, Cultuur en Wetenschap (OCW)",Cultuur en media,04/09/15
07/09/2016 0:24:36,http://www.rekenkamer.nl/Publicaties/Dossiers/B/Bestuur_op_afstand/Overzicht_met_rechtspersonen_met_een_wettelijke_taak_RWT#internelink,Stichting NTR,"Onderwijs, Cultuur en Wetenschap (OCW)",Cultuur en media,04/09/15
07/09/2016 0:24:36,http://www.rekenkamer.nl/Publicaties/Dossiers/B/Bestuur_op_afstand/Overzicht_met_rechtspersonen_met_een_wettelijke_taak_RWT#internelink,Verzelfstandigde Rijksmusea (cluster),"Onderwijs, Cultuur en Wetenschap (OCW)",Cultuur en media,04/09/15
07/09/2016 0:24:36,http://www.rekenkamer.nl/Publicaties/Dossiers/B/Bestuur_op_afstand/Overzicht_met_rechtspersonen_met_een_wettelijke_taak_RWT#internelink,Inlichtingenbureau (IB),Sociale Zaken en Werkgelegenheid (SZW),,04/09/15
07/09/2016 0:24:36,http://www.rekenkamer.nl/Publicaties/Dossiers/B/Bestuur_op_afstand/Overzicht_met_rechtspersonen_met_een_wettelijke_taak_RWT#internelink,Sociale Verzekeringsbank (SVB),Sociale Zaken en Werkgelegenheid (SZW),,04/09/15
07/09/2016 0:24:36,http://www.rekenkamer.nl/Publicaties/Dossiers/B/Bestuur_op_afstand/Overzicht_met_rechtspersonen_met_een_wettelijke_taak_RWT#internelink,Uitvoeringsinstituut Werknemersverzekeringen (UWV),Sociale Zaken en Werkgelegenheid (SZW),,04/09/15
07/09/2016 0:24:36,http://www.rekenkamer.nl/Publicaties/Dossiers/B/Bestuur_op_afstand/Overzicht_met_rechtspersonen_met_een_wettelijke_taak_RWT#internelink,Bureau Financieel Toezicht (BFT),Veiligheid en Justitie (V&J),,04/09/15
07/09/2016 0:24:36,http://www.rekenkamer.nl/Publicaties/Dossiers/B/Bestuur_op_afstand/Overzicht_met_rechtspersonen_met_een_wettelijke_taak_RWT#internelink,Centraal orgaan Opvang Asielzoekers (COA),Veiligheid en Justitie (V&J),,04/09/15
07/09/2016 0:24:36,http://www.rekenkamer.nl/Publicaties/Dossiers/B/Bestuur_op_afstand/Overzicht_met_rechtspersonen_met_een_wettelijke_taak_RWT#internelink,Instituut Fysieke Veiligheid (IFV),Veiligheid en Justitie (V&J),,04/09/15
07/09/2016 0:24:36,http://www.rekenkamer.nl/Publicaties/Dossiers/B/Bestuur_op_afstand/Overzicht_met_rechtspersonen_met_een_wettelijke_taak_RWT#internelink,Kansspelautoriteit,Veiligheid en Justitie (V&J),,04/09/15
07/09/2016 0:24:36,http://www.rekenkamer.nl/Publicaties/Dossiers/B/Bestuur_op_afstand/Overzicht_met_rechtspersonen_met_een_wettelijke_taak_RWT#internelink,Landelijk Bureau Inning Onderhoudsbijdragen (LBIO),Veiligheid en Justitie (V&J),,04/09/15
07/09/2016 0:24:36,http://www.rekenkamer.nl/Publicaties/Dossiers/B/Bestuur_op_afstand/Overzicht_met_rechtspersonen_met_een_wettelijke_taak_RWT#internelink,Nationale Politie,Veiligheid en Justitie (V&J),,04/09/15
07/09/2016 0:24:36,http://www.rekenkamer.nl/Publicaties/Dossiers/B/Bestuur_op_afstand/Overzicht_met_rechtspersonen_met_een_wettelijke_taak_RWT#internelink,Onderzoeksraad voor Veiligheid (OvV),Veiligheid en Justitie (V&J),,04/09/15
07/09/2016 0:24:36,http://www.rekenkamer.nl/Publicaties/Dossiers/B/Bestuur_op_afstand/Overzicht_met_rechtspersonen_met_een_wettelijke_taak_RWT#internelink,Particuliere forensisch psychiatrische centra (cluster),Veiligheid en Justitie (V&J),,04/09/15
07/09/2016 0:24:36,http://www.rekenkamer.nl/Publicaties/Dossiers/B/Bestuur_op_afstand/Overzicht_met_rechtspersonen_met_een_wettelijke_taak_RWT#internelink,Particuliere jeugdinrichtingen (cluster),Veiligheid en Justitie (V&J),,04/09/15
07/09/2016 0:24:36,http://www.rekenkamer.nl/Publicaties/Dossiers/B/Bestuur_op_afstand/Overzicht_met_rechtspersonen_met_een_wettelijke_taak_RWT#internelink,Politieacademie,Veiligheid en Justitie (V&J),,04/09/15
07/09/2016 0:24:36,http://www.rekenkamer.nl/Publicaties/Dossiers/B/Bestuur_op_afstand/Overzicht_met_rechtspersonen_met_een_wettelijke_taak_RWT#internelink,Raad voor de Rechtshandhaving,Veiligheid en Justitie (V&J),,04/09/15
07/09/2016 0:24:36,http://www.rekenkamer.nl/Publicaties/Dossiers/B/Bestuur_op_afstand/Overzicht_met_rechtspersonen_met_een_wettelijke_taak_RWT#internelink,Raad voor Rechtsbijstand,Veiligheid en Justitie (V&J),,04/09/15
07/09/2016 0:24:36,http://www.rekenkamer.nl/Publicaties/Dossiers/B/Bestuur_op_afstand/Overzicht_met_rechtspersonen_met_een_wettelijke_taak_RWT#internelink,Reclasseringsorganisaties (cluster),Veiligheid en Justitie (V&J),,04/09/15
07/09/2016 0:24:36,http://www.rekenkamer.nl/Publicaties/Dossiers/B/Bestuur_op_afstand/Overzicht_met_rechtspersonen_met_een_wettelijke_taak_RWT#internelink,Leger des Heils Jeugdzorg en Reclassering,Veiligheid en Justitie (V&J),,04/09/15
07/09/2016 0:24:36,http://www.rekenkamer.nl/Publicaties/Dossiers/B/Bestuur_op_afstand/Overzicht_met_rechtspersonen_met_een_wettelijke_taak_RWT#internelink,Stichting Verslavingsreclassering GGZ,Veiligheid en Justitie (V&J),,04/09/15
07/09/2016 0:24:36,http://www.rekenkamer.nl/Publicaties/Dossiers/B/Bestuur_op_afstand/Overzicht_met_rechtspersonen_met_een_wettelijke_taak_RWT#internelink,Stichting Reclassering Nederland (SRN),Veiligheid en Justitie (V&J),,04/09/15
07/09/2016 0:24:36,http://www.rekenkamer.nl/Publicaties/Dossiers/B/Bestuur_op_afstand/Overzicht_met_rechtspersonen_met_een_wettelijke_taak_RWT#internelink,Schadefonds Geweldsmisdrijven (SGM),Veiligheid en Justitie (V&J),,04/09/15
07/09/2016 0:24:36,http://www.rekenkamer.nl/Publicaties/Dossiers/B/Bestuur_op_afstand/Overzicht_met_rechtspersonen_met_een_wettelijke_taak_RWT#internelink,Slachtofferhulp Nederland (SHN),Veiligheid en Justitie (V&J),,04/09/15
07/09/2016 0:24:36,http://www.rekenkamer.nl/Publicaties/Dossiers/B/Bestuur_op_afstand/Overzicht_met_rechtspersonen_met_een_wettelijke_taak_RWT#internelink,Stichting Donorgegevens Kunstmatige Bevruchting (SDKB),Veiligheid en Justitie (V&J),,04/09/15
07/09/2016 0:24:36,http://www.rekenkamer.nl/Publicaties/Dossiers/B/Bestuur_op_afstand/Overzicht_met_rechtspersonen_met_een_wettelijke_taak_RWT#internelink,Stichting Halt,Veiligheid en Justitie (V&J),,04/09/15
07/09/2016 0:24:36,http://www.rekenkamer.nl/Publicaties/Dossiers/B/Bestuur_op_afstand/Overzicht_met_rechtspersonen_met_een_wettelijke_taak_RWT#internelink,Stichting Nidos,Veiligheid en Justitie (V&J),,04/09/15
07/09/2016 0:24:36,http://www.rekenkamer.nl/Publicaties/Dossiers/B/Bestuur_op_afstand/Overzicht_met_rechtspersonen_met_een_wettelijke_taak_RWT#internelink,Centraal administratie kantoor (CAK),"Volksgezondheid, Welzijn en Sport (VWS)",,04/09/15
07/09/2016 0:24:36,http://www.rekenkamer.nl/Publicaties/Dossiers/B/Bestuur_op_afstand/Overzicht_met_rechtspersonen_met_een_wettelijke_taak_RWT#internelink,Centrum indicatiestelling zorg (CIZ),"Volksgezondheid, Welzijn en Sport (VWS)",,04/09/15
07/09/2016 0:24:36,http://www.rekenkamer.nl/Publicaties/Dossiers/B/Bestuur_op_afstand/Overzicht_met_rechtspersonen_met_een_wettelijke_taak_RWT#internelink,College sanering zorginstellingen (CSZ),"Volksgezondheid, Welzijn en Sport (VWS)",,04/09/15
07/09/2016 0:24:36,http://www.rekenkamer.nl/Publicaties/Dossiers/B/Bestuur_op_afstand/Overzicht_met_rechtspersonen_met_een_wettelijke_taak_RWT#internelink,Nederlandse Transplantatie Stichting (NTS),"Volksgezondheid, Welzijn en Sport (VWS)",,04/09/15
07/09/2016 0:24:36,http://www.rekenkamer.nl/Publicaties/Dossiers/B/Bestuur_op_afstand/Overzicht_met_rechtspersonen_met_een_wettelijke_taak_RWT#internelink,Nederlandse Zorgautoriteit (NZa),"Volksgezondheid, Welzijn en Sport (VWS)",,04/09/15
07/09/2016 0:24:36,http://www.rekenkamer.nl/Publicaties/Dossiers/B/Bestuur_op_afstand/Overzicht_met_rechtspersonen_met_een_wettelijke_taak_RWT#internelink,Pensioen- en Uitkeringsraad (PUR),"Volksgezondheid, Welzijn en Sport (VWS)",,04/09/15
07/09/2016 0:24:36,http://www.rekenkamer.nl/Publicaties/Dossiers/B/Bestuur_op_afstand/Overzicht_met_rechtspersonen_met_een_wettelijke_taak_RWT#internelink,"Wlz-uitvoerders, waaronder begrepen de zorgkantoren (cluster)","Volksgezondheid, Welzijn en Sport (VWS)",,04/09/15
07/09/2016 0:24:36,http://www.rekenkamer.nl/Publicaties/Dossiers/B/Bestuur_op_afstand/Overzicht_met_rechtspersonen_met_een_wettelijke_taak_RWT#internelink,Zorginstituut Nederland (ZiNL),"Volksgezondheid, Welzijn en Sport (VWS)",,04/09/15
07/09/2016 0:24:36,http://www.rekenkamer.nl/Publicaties/Dossiers/B/Bestuur_op_afstand/Overzicht_met_rechtspersonen_met_een_wettelijke_taak_RWT#internelink,Zorgonderzoek Nederland/Medische Wetenschappen (ZonMw),"Volksgezondheid, Welzijn en Sport (VWS)",,04/09/15
07/09/2016 0:24:36,http://www.rekenkamer.nl/Publicaties/Dossiers/B/Bestuur_op_afstand/Overzicht_met_rechtspersonen_met_een_wettelijke_taak_RWT#internelink,Zorgverzekeraars die de Zorgverzekeringswet uitvoeren (cluster),"Volksgezondheid, Welzijn en Sport (VWS)",,04/09/15